run,condition,test,seed,fitness,both_on_food
gru_s1,gru,nominal,900000,0.43500,1.000
gru_s1,gru,nominal,900001,0.72333,1.000
gru_s1,gru,nominal,900002,0.80167,1.000
gru_s1,gru,nominal,900003,0.43889,1.000
gru_s1,gru,nominal,900004,0.00000,0.000
gru_s1,gru,nominal,900005,0.84333,1.000
gru_s1,gru,nominal,900006,0.59111,1.000
gru_s1,gru,nominal,900007,0.74000,1.000
gru_s1,gru,nominal,900008,0.76778,1.000
gru_s1,gru,nominal,900009,0.72278,1.000
gru_s1,gru,nominal,900010,0.53389,1.000
gru_s1,gru,nominal,900011,0.81167,1.000
gru_s1,gru,nominal,900012,0.77056,1.000
gru_s1,gru,nominal,900013,0.09222,0.000
gru_s1,gru,nominal,900014,0.00000,0.000
gru_s1,gru,nominal,900015,0.58778,1.000
gru_s1,gru,nominal,900016,0.00000,0.000
gru_s1,gru,nominal,900017,0.60667,1.000
gru_s1,gru,nominal,900018,0.70889,1.000
gru_s1,gru,nominal,900019,0.79667,1.000
gru_s1,gru,nominal,900020,0.72611,1.000
gru_s1,gru,nominal,900021,0.79556,1.000
gru_s1,gru,nominal,900022,0.78944,1.000
gru_s1,gru,nominal,900023,0.61278,1.000
gru_s1,gru,nominal,900024,0.45778,1.000
gru_s1,gru,nominal,900025,0.00000,0.000
gru_s1,gru,nominal,900026,0.82167,1.000
gru_s1,gru,nominal,900027,0.83833,1.000
gru_s1,gru,nominal,900028,0.00000,0.000
gru_s1,gru,nominal,900029,0.84222,1.000
gru_s1,gru,nominal,900030,0.42056,1.000
gru_s1,gru,nominal,900031,0.80000,1.000
gru_s1,gru,nominal,900032,0.33667,1.000
gru_s1,gru,nominal,900033,0.85167,1.000
gru_s1,gru,nominal,900034,0.79222,1.000
gru_s1,gru,nominal,900035,0.72444,1.000
gru_s1,gru,nominal,900036,0.70000,1.000
gru_s1,gru,nominal,900037,0.79778,1.000
gru_s1,gru,nominal,900038,0.88389,1.000
gru_s1,gru,nominal,900039,0.88778,1.000
gru_s1,gru,nominal,900040,0.81333,1.000
gru_s1,gru,nominal,900041,0.00000,0.000
gru_s1,gru,nominal,900042,0.00000,0.000
gru_s1,gru,nominal,900043,0.73167,1.000
gru_s1,gru,nominal,900044,0.71278,1.000
gru_s1,gru,nominal,900045,0.81667,1.000
gru_s1,gru,nominal,900046,0.38000,1.000
gru_s1,gru,nominal,900047,0.76667,1.000
gru_s1,gru,nominal,900048,0.80056,1.000
gru_s1,gru,nominal,900049,0.42611,1.000
gru_s2,gru,nominal,900000,0.71611,1.000
gru_s2,gru,nominal,900001,0.00000,0.000
gru_s2,gru,nominal,900002,0.64722,1.000
gru_s2,gru,nominal,900003,0.64389,1.000
gru_s2,gru,nominal,900004,0.61500,1.000
gru_s2,gru,nominal,900005,0.21111,0.000
gru_s2,gru,nominal,900006,0.48778,1.000
gru_s2,gru,nominal,900007,0.89056,1.000
gru_s2,gru,nominal,900008,0.88000,1.000
gru_s2,gru,nominal,900009,0.83667,1.000
gru_s2,gru,nominal,900010,0.67333,1.000
gru_s2,gru,nominal,900011,0.61278,1.000
gru_s2,gru,nominal,900012,0.34556,0.000
gru_s2,gru,nominal,900013,0.85444,1.000
gru_s2,gru,nominal,900014,0.83333,1.000
gru_s2,gru,nominal,900015,0.75556,1.000
gru_s2,gru,nominal,900016,0.61611,1.000
gru_s2,gru,nominal,900017,0.44278,0.000
gru_s2,gru,nominal,900018,0.47778,0.000
gru_s2,gru,nominal,900019,0.95222,1.000
gru_s2,gru,nominal,900020,0.50333,1.000
gru_s2,gru,nominal,900021,0.43722,0.000
gru_s2,gru,nominal,900022,0.61944,1.000
gru_s2,gru,nominal,900023,0.69222,1.000
gru_s2,gru,nominal,900024,0.26833,0.000
gru_s2,gru,nominal,900025,0.70222,1.000
gru_s2,gru,nominal,900026,0.88389,1.000
gru_s2,gru,nominal,900027,0.79722,1.000
gru_s2,gru,nominal,900028,0.44167,0.000
gru_s2,gru,nominal,900029,0.54722,1.000
gru_s2,gru,nominal,900030,0.75000,1.000
gru_s2,gru,nominal,900031,0.80222,1.000
gru_s2,gru,nominal,900032,0.60556,1.000
gru_s2,gru,nominal,900033,0.39333,1.000
gru_s2,gru,nominal,900034,0.66056,1.000
gru_s2,gru,nominal,900035,0.39500,1.000
gru_s2,gru,nominal,900036,0.71000,1.000
gru_s2,gru,nominal,900037,0.78278,1.000
gru_s2,gru,nominal,900038,0.00000,0.000
gru_s2,gru,nominal,900039,0.31167,0.000
gru_s2,gru,nominal,900040,0.38889,0.000
gru_s2,gru,nominal,900041,0.89111,1.000
gru_s2,gru,nominal,900042,0.44278,0.000
gru_s2,gru,nominal,900043,0.68056,1.000
gru_s2,gru,nominal,900044,0.79389,1.000
gru_s2,gru,nominal,900045,0.80056,1.000
gru_s2,gru,nominal,900046,0.45778,1.000
gru_s2,gru,nominal,900047,0.46611,1.000
gru_s2,gru,nominal,900048,0.42222,0.000
gru_s2,gru,nominal,900049,0.44889,0.000
gru_s3,gru,nominal,900000,0.70778,1.000
gru_s3,gru,nominal,900001,0.74833,1.000
gru_s3,gru,nominal,900002,0.28500,1.000
gru_s3,gru,nominal,900003,0.52833,1.000
gru_s3,gru,nominal,900004,0.65111,1.000
gru_s3,gru,nominal,900005,0.51667,1.000
gru_s3,gru,nominal,900006,0.38389,1.000
gru_s3,gru,nominal,900007,0.47833,1.000
gru_s3,gru,nominal,900008,0.71056,1.000
gru_s3,gru,nominal,900009,0.60056,1.000
gru_s3,gru,nominal,900010,0.53111,1.000
gru_s3,gru,nominal,900011,0.73611,1.000
gru_s3,gru,nominal,900012,0.69111,1.000
gru_s3,gru,nominal,900013,0.50167,1.000
gru_s3,gru,nominal,900014,0.56389,1.000
gru_s3,gru,nominal,900015,0.17722,1.000
gru_s3,gru,nominal,900016,0.62222,1.000
gru_s3,gru,nominal,900017,0.00000,0.000
gru_s3,gru,nominal,900018,0.72000,1.000
gru_s3,gru,nominal,900019,0.74667,1.000
gru_s3,gru,nominal,900020,0.84500,1.000
gru_s3,gru,nominal,900021,0.67667,1.000
gru_s3,gru,nominal,900022,0.74000,1.000
gru_s3,gru,nominal,900023,0.59556,1.000
gru_s3,gru,nominal,900024,0.00000,0.000
gru_s3,gru,nominal,900025,0.06722,1.000
gru_s3,gru,nominal,900026,0.74500,1.000
gru_s3,gru,nominal,900027,0.74278,1.000
gru_s3,gru,nominal,900028,0.64333,1.000
gru_s3,gru,nominal,900029,0.55222,1.000
gru_s3,gru,nominal,900030,0.71556,1.000
gru_s3,gru,nominal,900031,0.73833,1.000
gru_s3,gru,nominal,900032,0.76778,1.000
gru_s3,gru,nominal,900033,0.73000,1.000
gru_s3,gru,nominal,900034,0.57222,1.000
gru_s3,gru,nominal,900035,0.79333,1.000
gru_s3,gru,nominal,900036,0.70444,1.000
gru_s3,gru,nominal,900037,0.63889,1.000
gru_s3,gru,nominal,900038,0.54944,1.000
gru_s3,gru,nominal,900039,0.82667,1.000
gru_s3,gru,nominal,900040,0.54944,1.000
gru_s3,gru,nominal,900041,0.59000,1.000
gru_s3,gru,nominal,900042,0.69611,1.000
gru_s3,gru,nominal,900043,0.64722,1.000
gru_s3,gru,nominal,900044,0.71167,1.000
gru_s3,gru,nominal,900045,0.72611,1.000
gru_s3,gru,nominal,900046,0.76389,1.000
gru_s3,gru,nominal,900047,0.69611,1.000
gru_s3,gru,nominal,900048,0.74889,1.000
gru_s3,gru,nominal,900049,0.56444,1.000
easa_evo_s1,easa_evo,nominal,900000,0.53167,1.000
easa_evo_s1,easa_evo,nominal,900001,0.37111,1.000
easa_evo_s1,easa_evo,nominal,900002,0.60944,1.000
easa_evo_s1,easa_evo,nominal,900003,0.00000,0.000
easa_evo_s1,easa_evo,nominal,900004,0.23611,0.000
easa_evo_s1,easa_evo,nominal,900005,0.00000,0.000
easa_evo_s1,easa_evo,nominal,900006,0.00000,0.000
easa_evo_s1,easa_evo,nominal,900007,0.87667,1.000
easa_evo_s1,easa_evo,nominal,900008,0.74833,1.000
easa_evo_s1,easa_evo,nominal,900009,0.19778,1.000
easa_evo_s1,easa_evo,nominal,900010,0.00000,0.000
easa_evo_s1,easa_evo,nominal,900011,0.25056,1.000
easa_evo_s1,easa_evo,nominal,900012,0.40389,1.000
easa_evo_s1,easa_evo,nominal,900013,0.08444,0.000
easa_evo_s1,easa_evo,nominal,900014,0.70833,1.000
easa_evo_s1,easa_evo,nominal,900015,0.68722,1.000
easa_evo_s1,easa_evo,nominal,900016,0.72333,1.000
easa_evo_s1,easa_evo,nominal,900017,0.69667,1.000
easa_evo_s1,easa_evo,nominal,900018,0.00000,0.000
easa_evo_s1,easa_evo,nominal,900019,0.00000,0.000
easa_evo_s1,easa_evo,nominal,900020,0.02722,0.000
easa_evo_s1,easa_evo,nominal,900021,0.58056,1.000
easa_evo_s1,easa_evo,nominal,900022,0.46722,1.000
easa_evo_s1,easa_evo,nominal,900023,0.35611,1.000
easa_evo_s1,easa_evo,nominal,900024,0.03833,0.000
easa_evo_s1,easa_evo,nominal,900025,0.60778,1.000
easa_evo_s1,easa_evo,nominal,900026,0.16389,1.000
easa_evo_s1,easa_evo,nominal,900027,0.06944,1.000
easa_evo_s1,easa_evo,nominal,900028,0.00000,0.000
easa_evo_s1,easa_evo,nominal,900029,0.55722,1.000
easa_evo_s1,easa_evo,nominal,900030,0.71611,1.000
easa_evo_s1,easa_evo,nominal,900031,0.46944,1.000
easa_evo_s1,easa_evo,nominal,900032,0.00000,0.000
easa_evo_s1,easa_evo,nominal,900033,0.00000,0.000
easa_evo_s1,easa_evo,nominal,900034,0.16444,1.000
easa_evo_s1,easa_evo,nominal,900035,0.06889,0.000
easa_evo_s1,easa_evo,nominal,900036,0.47833,1.000
easa_evo_s1,easa_evo,nominal,900037,0.43611,1.000
easa_evo_s1,easa_evo,nominal,900038,0.72444,1.000
easa_evo_s1,easa_evo,nominal,900039,0.00000,0.000
easa_evo_s1,easa_evo,nominal,900040,0.00000,0.000
easa_evo_s1,easa_evo,nominal,900041,0.43889,1.000
easa_evo_s1,easa_evo,nominal,900042,0.71889,1.000
easa_evo_s1,easa_evo,nominal,900043,0.73111,1.000
easa_evo_s1,easa_evo,nominal,900044,0.00500,0.000
easa_evo_s1,easa_evo,nominal,900045,0.53333,1.000
easa_evo_s1,easa_evo,nominal,900046,0.62556,1.000
easa_evo_s1,easa_evo,nominal,900047,0.78944,1.000
easa_evo_s1,easa_evo,nominal,900048,0.08833,0.000
easa_evo_s1,easa_evo,nominal,900049,0.73056,1.000
easa_evo_s2,easa_evo,nominal,900000,0.45333,0.000
easa_evo_s2,easa_evo,nominal,900001,0.34167,1.000
easa_evo_s2,easa_evo,nominal,900002,0.39222,0.000
easa_evo_s2,easa_evo,nominal,900003,0.44778,0.000
easa_evo_s2,easa_evo,nominal,900004,0.77333,1.000
easa_evo_s2,easa_evo,nominal,900005,0.14333,0.000
easa_evo_s2,easa_evo,nominal,900006,0.07611,0.000
easa_evo_s2,easa_evo,nominal,900007,0.94944,1.000
easa_evo_s2,easa_evo,nominal,900008,0.37556,0.000
easa_evo_s2,easa_evo,nominal,900009,0.40722,1.000
easa_evo_s2,easa_evo,nominal,900010,0.36278,0.000
easa_evo_s2,easa_evo,nominal,900011,0.00000,0.000
easa_evo_s2,easa_evo,nominal,900012,0.32722,0.000
easa_evo_s2,easa_evo,nominal,900013,0.16556,0.000
easa_evo_s2,easa_evo,nominal,900014,0.72389,1.000
easa_evo_s2,easa_evo,nominal,900015,0.40667,1.000
easa_evo_s2,easa_evo,nominal,900016,0.89000,1.000
easa_evo_s2,easa_evo,nominal,900017,0.41667,0.000
easa_evo_s2,easa_evo,nominal,900018,0.06389,0.000
easa_evo_s2,easa_evo,nominal,900019,0.12222,0.000
easa_evo_s2,easa_evo,nominal,900020,0.00000,0.000
easa_evo_s2,easa_evo,nominal,900021,0.43944,1.000
easa_evo_s2,easa_evo,nominal,900022,0.00000,0.000
easa_evo_s2,easa_evo,nominal,900023,0.00000,0.000
easa_evo_s2,easa_evo,nominal,900024,0.00000,0.000
easa_evo_s2,easa_evo,nominal,900025,0.00722,0.000
easa_evo_s2,easa_evo,nominal,900026,0.05889,0.000
easa_evo_s2,easa_evo,nominal,900027,0.56778,1.000
easa_evo_s2,easa_evo,nominal,900028,0.39611,1.000
easa_evo_s2,easa_evo,nominal,900029,0.50056,1.000
easa_evo_s2,easa_evo,nominal,900030,0.81278,1.000
easa_evo_s2,easa_evo,nominal,900031,0.15833,0.000
easa_evo_s2,easa_evo,nominal,900032,0.36778,0.000
easa_evo_s2,easa_evo,nominal,900033,0.42000,0.000
easa_evo_s2,easa_evo,nominal,900034,0.33111,0.000
easa_evo_s2,easa_evo,nominal,900035,0.32833,0.000
easa_evo_s2,easa_evo,nominal,900036,0.27944,0.000
easa_evo_s2,easa_evo,nominal,900037,0.25556,0.000
easa_evo_s2,easa_evo,nominal,900038,0.75889,1.000
easa_evo_s2,easa_evo,nominal,900039,0.00000,0.000
easa_evo_s2,easa_evo,nominal,900040,0.08278,1.000
easa_evo_s2,easa_evo,nominal,900041,0.49556,1.000
easa_evo_s2,easa_evo,nominal,900042,0.75778,1.000
easa_evo_s2,easa_evo,nominal,900043,0.42000,0.000
easa_evo_s2,easa_evo,nominal,900044,0.58444,1.000
easa_evo_s2,easa_evo,nominal,900045,0.45722,0.000
easa_evo_s2,easa_evo,nominal,900046,0.00000,0.000
easa_evo_s2,easa_evo,nominal,900047,0.56833,1.000
easa_evo_s2,easa_evo,nominal,900048,0.32000,0.000
easa_evo_s2,easa_evo,nominal,900049,0.78056,1.000
easa_evo_s3,easa_evo,nominal,900000,0.76389,1.000
easa_evo_s3,easa_evo,nominal,900001,0.55111,1.000
easa_evo_s3,easa_evo,nominal,900002,0.39278,0.000
easa_evo_s3,easa_evo,nominal,900003,0.44833,0.000
easa_evo_s3,easa_evo,nominal,900004,0.68500,1.000
easa_evo_s3,easa_evo,nominal,900005,0.33944,1.000
easa_evo_s3,easa_evo,nominal,900006,0.17278,0.000
easa_evo_s3,easa_evo,nominal,900007,0.94889,1.000
easa_evo_s3,easa_evo,nominal,900008,0.55889,1.000
easa_evo_s3,easa_evo,nominal,900009,0.37833,1.000
easa_evo_s3,easa_evo,nominal,900010,0.53333,1.000
easa_evo_s3,easa_evo,nominal,900011,0.19333,1.000
easa_evo_s3,easa_evo,nominal,900012,0.44667,0.000
easa_evo_s3,easa_evo,nominal,900013,0.00000,0.000
easa_evo_s3,easa_evo,nominal,900014,0.47444,0.000
easa_evo_s3,easa_evo,nominal,900015,0.43833,1.000
easa_evo_s3,easa_evo,nominal,900016,0.87833,1.000
easa_evo_s3,easa_evo,nominal,900017,0.36222,0.000
easa_evo_s3,easa_evo,nominal,900018,0.00000,0.000
easa_evo_s3,easa_evo,nominal,900019,0.00000,0.000
easa_evo_s3,easa_evo,nominal,900020,0.35167,1.000
easa_evo_s3,easa_evo,nominal,900021,0.39111,1.000
easa_evo_s3,easa_evo,nominal,900022,0.60278,1.000
easa_evo_s3,easa_evo,nominal,900023,0.28111,0.000
easa_evo_s3,easa_evo,nominal,900024,0.10389,0.000
easa_evo_s3,easa_evo,nominal,900025,0.55000,1.000
easa_evo_s3,easa_evo,nominal,900026,0.00000,0.000
easa_evo_s3,easa_evo,nominal,900027,0.32944,0.000
easa_evo_s3,easa_evo,nominal,900028,0.17278,0.000
easa_evo_s3,easa_evo,nominal,900029,0.27722,0.000
easa_evo_s3,easa_evo,nominal,900030,0.81056,1.000
easa_evo_s3,easa_evo,nominal,900031,0.30611,0.000
easa_evo_s3,easa_evo,nominal,900032,0.00000,0.000
easa_evo_s3,easa_evo,nominal,900033,0.37000,0.000
easa_evo_s3,easa_evo,nominal,900034,0.18944,0.000
easa_evo_s3,easa_evo,nominal,900035,0.00000,0.000
easa_evo_s3,easa_evo,nominal,900036,0.00000,0.000
easa_evo_s3,easa_evo,nominal,900037,0.31056,0.000
easa_evo_s3,easa_evo,nominal,900038,0.64611,1.000
easa_evo_s3,easa_evo,nominal,900039,0.19944,0.000
easa_evo_s3,easa_evo,nominal,900040,0.46167,1.000
easa_evo_s3,easa_evo,nominal,900041,0.20556,0.000
easa_evo_s3,easa_evo,nominal,900042,0.58111,1.000
easa_evo_s3,easa_evo,nominal,900043,0.42333,0.000
easa_evo_s3,easa_evo,nominal,900044,0.58500,1.000
easa_evo_s3,easa_evo,nominal,900045,0.47222,0.000
easa_evo_s3,easa_evo,nominal,900046,0.33222,1.000
easa_evo_s3,easa_evo,nominal,900047,0.46722,0.000
easa_evo_s3,easa_evo,nominal,900048,0.00000,0.000
easa_evo_s3,easa_evo,nominal,900049,0.79667,1.000
easa_s1,easa,nominal,900000,0.39222,0.000
easa_s1,easa,nominal,900001,0.46778,1.000
easa_s1,easa,nominal,900002,0.51833,1.000
easa_s1,easa,nominal,900003,0.00000,0.000
easa_s1,easa,nominal,900004,0.25333,0.000
easa_s1,easa,nominal,900005,0.04944,0.000
easa_s1,easa,nominal,900006,0.40389,0.000
easa_s1,easa,nominal,900007,0.29333,0.000
easa_s1,easa,nominal,900008,0.43056,0.000
easa_s1,easa,nominal,900009,0.29500,1.000
easa_s1,easa,nominal,900010,0.34722,1.000
easa_s1,easa,nominal,900011,0.06722,0.000
easa_s1,easa,nominal,900012,0.05722,0.000
easa_s1,easa,nominal,900013,0.33111,0.000
easa_s1,easa,nominal,900014,0.00000,0.000
easa_s1,easa,nominal,900015,0.60889,1.000
easa_s1,easa,nominal,900016,0.60333,1.000
easa_s1,easa,nominal,900017,0.37944,0.000
easa_s1,easa,nominal,900018,0.00000,0.000
easa_s1,easa,nominal,900019,0.49056,1.000
easa_s1,easa,nominal,900020,0.46611,1.000
easa_s1,easa,nominal,900021,0.33167,0.000
easa_s1,easa,nominal,900022,0.44556,0.000
easa_s1,easa,nominal,900023,0.48500,1.000
easa_s1,easa,nominal,900024,0.00000,0.000
easa_s1,easa,nominal,900025,0.39500,0.000
easa_s1,easa,nominal,900026,0.16333,0.000
easa_s1,easa,nominal,900027,0.51167,1.000
easa_s1,easa,nominal,900028,0.16556,0.000
easa_s1,easa,nominal,900029,0.76333,1.000
easa_s1,easa,nominal,900030,0.43722,0.000
easa_s1,easa,nominal,900031,0.49167,1.000
easa_s1,easa,nominal,900032,0.34278,0.000
easa_s1,easa,nominal,900033,0.41944,0.000
easa_s1,easa,nominal,900034,0.07556,0.000
easa_s1,easa,nominal,900035,0.54556,1.000
easa_s1,easa,nominal,900036,0.10944,0.000
easa_s1,easa,nominal,900037,0.46389,0.000
easa_s1,easa,nominal,900038,0.71889,1.000
easa_s1,easa,nominal,900039,0.00000,0.000
easa_s1,easa,nominal,900040,0.48000,1.000
easa_s1,easa,nominal,900041,0.16333,0.000
easa_s1,easa,nominal,900042,0.43611,0.000
easa_s1,easa,nominal,900043,0.12833,0.000
easa_s1,easa,nominal,900044,0.41833,1.000
easa_s1,easa,nominal,900045,0.70056,1.000
easa_s1,easa,nominal,900046,0.16500,0.000
easa_s1,easa,nominal,900047,0.40167,0.000
easa_s1,easa,nominal,900048,0.15611,0.000
easa_s1,easa,nominal,900049,0.81278,1.000
easa_safe_s1,easa_safe,nominal,900000,0.36611,0.000
easa_safe_s1,easa_safe,nominal,900001,0.28278,0.000
easa_safe_s1,easa_safe,nominal,900002,0.55667,1.000
easa_safe_s1,easa_safe,nominal,900003,0.40778,0.000
easa_safe_s1,easa_safe,nominal,900004,0.70778,1.000
easa_safe_s1,easa_safe,nominal,900005,0.24167,0.000
easa_safe_s1,easa_safe,nominal,900006,0.00000,0.000
easa_safe_s1,easa_safe,nominal,900007,0.43611,0.000
easa_safe_s1,easa_safe,nominal,900008,0.45778,0.000
easa_safe_s1,easa_safe,nominal,900009,0.19500,1.000
easa_safe_s1,easa_safe,nominal,900010,0.14667,0.000
easa_safe_s1,easa_safe,nominal,900011,0.12722,0.000
easa_safe_s1,easa_safe,nominal,900012,0.34667,1.000
easa_safe_s1,easa_safe,nominal,900013,0.31333,0.000
easa_safe_s1,easa_safe,nominal,900014,0.00000,0.000
easa_safe_s1,easa_safe,nominal,900015,0.00000,0.000
easa_safe_s1,easa_safe,nominal,900016,0.09556,0.000
easa_safe_s1,easa_safe,nominal,900017,0.41889,0.000
easa_safe_s1,easa_safe,nominal,900018,0.00000,0.000
easa_safe_s1,easa_safe,nominal,900019,0.00000,0.000
easa_safe_s1,easa_safe,nominal,900020,0.49556,1.000
easa_safe_s1,easa_safe,nominal,900021,0.29333,0.000
easa_safe_s1,easa_safe,nominal,900022,0.26500,1.000
easa_safe_s1,easa_safe,nominal,900023,0.37611,0.000
easa_safe_s1,easa_safe,nominal,900024,0.35111,0.000
easa_safe_s1,easa_safe,nominal,900025,0.43500,1.000
easa_safe_s1,easa_safe,nominal,900026,0.72167,1.000
easa_safe_s1,easa_safe,nominal,900027,0.00000,0.000
easa_safe_s1,easa_safe,nominal,900028,0.17889,1.000
easa_safe_s1,easa_safe,nominal,900029,0.21556,0.000
easa_safe_s1,easa_safe,nominal,900030,0.48611,1.000
easa_safe_s1,easa_safe,nominal,900031,0.22944,1.000
easa_safe_s1,easa_safe,nominal,900032,0.00000,0.000
easa_safe_s1,easa_safe,nominal,900033,0.27167,0.000
easa_safe_s1,easa_safe,nominal,900034,0.40500,0.000
easa_safe_s1,easa_safe,nominal,900035,0.16500,0.000
easa_safe_s1,easa_safe,nominal,900036,0.00000,0.000
easa_safe_s1,easa_safe,nominal,900037,0.29889,0.000
easa_safe_s1,easa_safe,nominal,900038,0.00000,0.000
easa_safe_s1,easa_safe,nominal,900039,0.52167,1.000
easa_safe_s1,easa_safe,nominal,900040,0.46222,0.000
easa_safe_s1,easa_safe,nominal,900041,0.47222,0.000
easa_safe_s1,easa_safe,nominal,900042,0.16500,0.000
easa_safe_s1,easa_safe,nominal,900043,0.32889,0.000
easa_safe_s1,easa_safe,nominal,900044,0.00722,0.000
easa_safe_s1,easa_safe,nominal,900045,0.00000,0.000
easa_safe_s1,easa_safe,nominal,900046,0.14333,0.000
easa_safe_s1,easa_safe,nominal,900047,0.12611,0.000
easa_safe_s1,easa_safe,nominal,900048,0.00000,0.000
easa_safe_s1,easa_safe,nominal,900049,0.35389,0.000
gru_compass_s1,gru_compass,nominal,900000,0.91333,1.000
gru_compass_s1,gru_compass,nominal,900001,0.93667,1.000
gru_compass_s1,gru_compass,nominal,900002,0.95167,1.000
gru_compass_s1,gru_compass,nominal,900003,0.93389,1.000
gru_compass_s1,gru_compass,nominal,900004,0.91889,1.000
gru_compass_s1,gru_compass,nominal,900005,0.92333,1.000
gru_compass_s1,gru_compass,nominal,900006,0.90333,1.000
gru_compass_s1,gru_compass,nominal,900007,0.94333,1.000
gru_compass_s1,gru_compass,nominal,900008,0.93389,1.000
gru_compass_s1,gru_compass,nominal,900009,0.91500,1.000
gru_compass_s1,gru_compass,nominal,900010,0.94944,1.000
gru_compass_s1,gru_compass,nominal,900011,0.91667,1.000
gru_compass_s1,gru_compass,nominal,900012,0.92556,1.000
gru_compass_s1,gru_compass,nominal,900013,0.91056,1.000
gru_compass_s1,gru_compass,nominal,900014,0.92722,1.000
gru_compass_s1,gru_compass,nominal,900015,0.93056,1.000
gru_compass_s1,gru_compass,nominal,900016,0.93667,1.000
gru_compass_s1,gru_compass,nominal,900017,0.92889,1.000
gru_compass_s1,gru_compass,nominal,900018,0.94222,1.000
gru_compass_s1,gru_compass,nominal,900019,0.93778,1.000
gru_compass_s1,gru_compass,nominal,900020,0.92722,1.000
gru_compass_s1,gru_compass,nominal,900021,0.92278,1.000
gru_compass_s1,gru_compass,nominal,900022,0.91000,1.000
gru_compass_s1,gru_compass,nominal,900023,0.94278,1.000
gru_compass_s1,gru_compass,nominal,900024,0.92167,1.000
gru_compass_s1,gru_compass,nominal,900025,0.94944,1.000
gru_compass_s1,gru_compass,nominal,900026,0.91833,1.000
gru_compass_s1,gru_compass,nominal,900027,0.94778,1.000
gru_compass_s1,gru_compass,nominal,900028,0.93556,1.000
gru_compass_s1,gru_compass,nominal,900029,0.92444,1.000
gru_compass_s1,gru_compass,nominal,900030,0.93111,1.000
gru_compass_s1,gru_compass,nominal,900031,0.92000,1.000
gru_compass_s1,gru_compass,nominal,900032,0.91889,1.000
gru_compass_s1,gru_compass,nominal,900033,0.95111,1.000
gru_compass_s1,gru_compass,nominal,900034,0.92278,1.000
gru_compass_s1,gru_compass,nominal,900035,0.90833,1.000
gru_compass_s1,gru_compass,nominal,900036,0.91333,1.000
gru_compass_s1,gru_compass,nominal,900037,0.92556,1.000
gru_compass_s1,gru_compass,nominal,900038,0.92500,1.000
gru_compass_s1,gru_compass,nominal,900039,0.90667,1.000
gru_compass_s1,gru_compass,nominal,900040,0.95722,1.000
gru_compass_s1,gru_compass,nominal,900041,0.94778,1.000
gru_compass_s1,gru_compass,nominal,900042,0.89556,1.000
gru_compass_s1,gru_compass,nominal,900043,0.90778,1.000
gru_compass_s1,gru_compass,nominal,900044,0.93111,1.000
gru_compass_s1,gru_compass,nominal,900045,0.93611,1.000
gru_compass_s1,gru_compass,nominal,900046,0.93278,1.000
gru_compass_s1,gru_compass,nominal,900047,0.93833,1.000
gru_compass_s1,gru_compass,nominal,900048,0.92167,1.000
gru_compass_s1,gru_compass,nominal,900049,0.92833,1.000
gru_s1,gru,sensor,900000,0.42333,1.000
gru_s1,gru,sensor,900001,0.72333,1.000
gru_s1,gru,sensor,900002,0.80222,1.000
gru_s1,gru,sensor,900003,0.37556,1.000
gru_s1,gru,sensor,900004,0.00000,0.000
gru_s1,gru,sensor,900005,0.84111,1.000
gru_s1,gru,sensor,900006,0.60778,1.000
gru_s1,gru,sensor,900007,0.73778,1.000
gru_s1,gru,sensor,900008,0.79278,1.000
gru_s1,gru,sensor,900009,0.71833,1.000
gru_s1,gru,sensor,900010,0.18222,1.000
gru_s1,gru,sensor,900011,0.80333,1.000
gru_s1,gru,sensor,900012,0.76667,1.000
gru_s1,gru,sensor,900013,0.00000,0.000
gru_s1,gru,sensor,900014,0.74000,1.000
gru_s1,gru,sensor,900015,0.59056,1.000
gru_s1,gru,sensor,900016,0.00000,0.000
gru_s1,gru,sensor,900017,0.62222,1.000
gru_s1,gru,sensor,900018,0.35111,1.000
gru_s1,gru,sensor,900019,0.79111,1.000
gru_s1,gru,sensor,900020,0.74222,1.000
gru_s1,gru,sensor,900021,0.79000,1.000
gru_s1,gru,sensor,900022,0.78500,1.000
gru_s1,gru,sensor,900023,0.70833,1.000
gru_s1,gru,sensor,900024,0.46222,1.000
gru_s1,gru,sensor,900025,0.03000,0.000
gru_s1,gru,sensor,900026,0.81833,1.000
gru_s1,gru,sensor,900027,0.83722,1.000
gru_s1,gru,sensor,900028,0.65611,1.000
gru_s1,gru,sensor,900029,0.78778,1.000
gru_s1,gru,sensor,900030,0.00000,0.000
gru_s1,gru,sensor,900031,0.72444,1.000
gru_s1,gru,sensor,900032,0.30389,1.000
gru_s1,gru,sensor,900033,0.83833,1.000
gru_s1,gru,sensor,900034,0.78222,1.000
gru_s1,gru,sensor,900035,0.76556,1.000
gru_s1,gru,sensor,900036,0.69889,1.000
gru_s1,gru,sensor,900037,0.77500,1.000
gru_s1,gru,sensor,900038,0.88389,1.000
gru_s1,gru,sensor,900039,0.88556,1.000
gru_s1,gru,sensor,900040,0.81444,1.000
gru_s1,gru,sensor,900041,0.00000,0.000
gru_s1,gru,sensor,900042,0.00000,0.000
gru_s1,gru,sensor,900043,0.81500,1.000
gru_s1,gru,sensor,900044,0.73667,1.000
gru_s1,gru,sensor,900045,0.79722,1.000
gru_s1,gru,sensor,900046,0.56389,1.000
gru_s1,gru,sensor,900047,0.76833,1.000
gru_s1,gru,sensor,900048,0.80056,1.000
gru_s1,gru,sensor,900049,0.45833,1.000
gru_s2,gru,sensor,900000,0.56111,1.000
gru_s2,gru,sensor,900001,0.35333,0.000
gru_s2,gru,sensor,900002,0.79667,1.000
gru_s2,gru,sensor,900003,0.84222,1.000
gru_s2,gru,sensor,900004,0.50111,1.000
gru_s2,gru,sensor,900005,0.42889,0.000
gru_s2,gru,sensor,900006,0.43389,0.000
gru_s2,gru,sensor,900007,0.89333,1.000
gru_s2,gru,sensor,900008,0.54667,1.000
gru_s2,gru,sensor,900009,0.83389,1.000
gru_s2,gru,sensor,900010,0.75000,1.000
gru_s2,gru,sensor,900011,0.80611,1.000
gru_s2,gru,sensor,900012,0.34667,0.000
gru_s2,gru,sensor,900013,0.41000,0.000
gru_s2,gru,sensor,900014,0.53667,1.000
gru_s2,gru,sensor,900015,0.65889,1.000
gru_s2,gru,sensor,900016,0.55000,1.000
gru_s2,gru,sensor,900017,0.37000,1.000
gru_s2,gru,sensor,900018,0.32389,0.000
gru_s2,gru,sensor,900019,0.95556,1.000
gru_s2,gru,sensor,900020,0.47278,0.000
gru_s2,gru,sensor,900021,0.37889,0.000
gru_s2,gru,sensor,900022,0.38556,1.000
gru_s2,gru,sensor,900023,0.59667,1.000
gru_s2,gru,sensor,900024,0.00000,0.000
gru_s2,gru,sensor,900025,0.70000,1.000
gru_s2,gru,sensor,900026,0.04833,0.000
gru_s2,gru,sensor,900027,0.47833,1.000
gru_s2,gru,sensor,900028,0.78056,1.000
gru_s2,gru,sensor,900029,0.66167,1.000
gru_s2,gru,sensor,900030,0.78000,1.000
gru_s2,gru,sensor,900031,0.50278,1.000
gru_s2,gru,sensor,900032,0.14889,0.000
gru_s2,gru,sensor,900033,0.53056,1.000
gru_s2,gru,sensor,900034,0.68944,1.000
gru_s2,gru,sensor,900035,0.59444,1.000
gru_s2,gru,sensor,900036,0.39500,1.000
gru_s2,gru,sensor,900037,0.77722,1.000
gru_s2,gru,sensor,900038,0.71667,1.000
gru_s2,gru,sensor,900039,0.20500,0.000
gru_s2,gru,sensor,900040,0.61667,1.000
gru_s2,gru,sensor,900041,0.84000,1.000
gru_s2,gru,sensor,900042,0.44556,0.000
gru_s2,gru,sensor,900043,0.65778,1.000
gru_s2,gru,sensor,900044,0.81278,1.000
gru_s2,gru,sensor,900045,0.18444,0.000
gru_s2,gru,sensor,900046,0.52444,1.000
gru_s2,gru,sensor,900047,0.79056,1.000
gru_s2,gru,sensor,900048,0.42944,0.000
gru_s2,gru,sensor,900049,0.69611,1.000
gru_s3,gru,sensor,900000,0.71944,1.000
gru_s3,gru,sensor,900001,0.76444,1.000
gru_s3,gru,sensor,900002,0.21444,1.000
gru_s3,gru,sensor,900003,0.53778,1.000
gru_s3,gru,sensor,900004,0.65444,1.000
gru_s3,gru,sensor,900005,0.49833,1.000
gru_s3,gru,sensor,900006,0.54778,1.000
gru_s3,gru,sensor,900007,0.49944,1.000
gru_s3,gru,sensor,900008,0.77167,1.000
gru_s3,gru,sensor,900009,0.60722,1.000
gru_s3,gru,sensor,900010,0.51944,1.000
gru_s3,gru,sensor,900011,0.78056,1.000
gru_s3,gru,sensor,900012,0.73333,1.000
gru_s3,gru,sensor,900013,0.50611,1.000
gru_s3,gru,sensor,900014,0.68667,1.000
gru_s3,gru,sensor,900015,0.42889,1.000
gru_s3,gru,sensor,900016,0.20333,1.000
gru_s3,gru,sensor,900017,0.75111,1.000
gru_s3,gru,sensor,900018,0.76667,1.000
gru_s3,gru,sensor,900019,0.74056,1.000
gru_s3,gru,sensor,900020,0.85111,1.000
gru_s3,gru,sensor,900021,0.67111,1.000
gru_s3,gru,sensor,900022,0.74389,1.000
gru_s3,gru,sensor,900023,0.34167,1.000
gru_s3,gru,sensor,900024,0.00000,0.000
gru_s3,gru,sensor,900025,0.03833,0.000
gru_s3,gru,sensor,900026,0.74500,1.000
gru_s3,gru,sensor,900027,0.53444,1.000
gru_s3,gru,sensor,900028,0.65611,1.000
gru_s3,gru,sensor,900029,0.54722,1.000
gru_s3,gru,sensor,900030,0.66278,1.000
gru_s3,gru,sensor,900031,0.81444,1.000
gru_s3,gru,sensor,900032,0.76500,1.000
gru_s3,gru,sensor,900033,0.74944,1.000
gru_s3,gru,sensor,900034,0.60167,1.000
gru_s3,gru,sensor,900035,0.26056,1.000
gru_s3,gru,sensor,900036,0.57667,1.000
gru_s3,gru,sensor,900037,0.57278,1.000
gru_s3,gru,sensor,900038,0.68778,1.000
gru_s3,gru,sensor,900039,0.82833,1.000
gru_s3,gru,sensor,900040,0.56111,1.000
gru_s3,gru,sensor,900041,0.59222,1.000
gru_s3,gru,sensor,900042,0.68389,1.000
gru_s3,gru,sensor,900043,0.41500,1.000
gru_s3,gru,sensor,900044,0.69778,1.000
gru_s3,gru,sensor,900045,0.69833,1.000
gru_s3,gru,sensor,900046,0.76111,1.000
gru_s3,gru,sensor,900047,0.67500,1.000
gru_s3,gru,sensor,900048,0.60111,1.000
gru_s3,gru,sensor,900049,0.59833,1.000
easa_evo_s1,easa_evo,sensor,900000,0.51556,1.000
easa_evo_s1,easa_evo,sensor,900001,0.08444,1.000
easa_evo_s1,easa_evo,sensor,900002,0.61444,1.000
easa_evo_s1,easa_evo,sensor,900003,0.27444,1.000
easa_evo_s1,easa_evo,sensor,900004,0.62056,1.000
easa_evo_s1,easa_evo,sensor,900005,0.00000,0.000
easa_evo_s1,easa_evo,sensor,900006,0.43333,1.000
easa_evo_s1,easa_evo,sensor,900007,0.89111,1.000
easa_evo_s1,easa_evo,sensor,900008,0.75667,1.000
easa_evo_s1,easa_evo,sensor,900009,0.54278,1.000
easa_evo_s1,easa_evo,sensor,900010,0.44056,1.000
easa_evo_s1,easa_evo,sensor,900011,0.22111,0.000
easa_evo_s1,easa_evo,sensor,900012,0.00000,0.000
easa_evo_s1,easa_evo,sensor,900013,0.00000,0.000
easa_evo_s1,easa_evo,sensor,900014,0.67500,1.000
easa_evo_s1,easa_evo,sensor,900015,0.48167,1.000
easa_evo_s1,easa_evo,sensor,900016,0.69167,1.000
easa_evo_s1,easa_evo,sensor,900017,0.70778,1.000
easa_evo_s1,easa_evo,sensor,900018,0.44611,1.000
easa_evo_s1,easa_evo,sensor,900019,0.00000,0.000
easa_evo_s1,easa_evo,sensor,900020,0.35667,1.000
easa_evo_s1,easa_evo,sensor,900021,0.58333,1.000
easa_evo_s1,easa_evo,sensor,900022,0.54056,1.000
easa_evo_s1,easa_evo,sensor,900023,0.00000,0.000
easa_evo_s1,easa_evo,sensor,900024,0.12722,1.000
easa_evo_s1,easa_evo,sensor,900025,0.08778,0.000
easa_evo_s1,easa_evo,sensor,900026,0.00278,0.000
easa_evo_s1,easa_evo,sensor,900027,0.32444,0.000
easa_evo_s1,easa_evo,sensor,900028,0.00000,0.000
easa_evo_s1,easa_evo,sensor,900029,0.56167,1.000
easa_evo_s1,easa_evo,sensor,900030,0.70167,1.000
easa_evo_s1,easa_evo,sensor,900031,0.54000,1.000
easa_evo_s1,easa_evo,sensor,900032,0.00000,0.000
easa_evo_s1,easa_evo,sensor,900033,0.00000,0.000
easa_evo_s1,easa_evo,sensor,900034,0.31000,1.000
easa_evo_s1,easa_evo,sensor,900035,0.00000,0.000
easa_evo_s1,easa_evo,sensor,900036,0.00000,0.000
easa_evo_s1,easa_evo,sensor,900037,0.44667,1.000
easa_evo_s1,easa_evo,sensor,900038,0.77000,1.000
easa_evo_s1,easa_evo,sensor,900039,0.10889,0.000
easa_evo_s1,easa_evo,sensor,900040,0.46722,1.000
easa_evo_s1,easa_evo,sensor,900041,0.25889,1.000
easa_evo_s1,easa_evo,sensor,900042,0.81333,1.000
easa_evo_s1,easa_evo,sensor,900043,0.71389,1.000
easa_evo_s1,easa_evo,sensor,900044,0.53722,1.000
easa_evo_s1,easa_evo,sensor,900045,0.10611,1.000
easa_evo_s1,easa_evo,sensor,900046,0.00000,0.000
easa_evo_s1,easa_evo,sensor,900047,0.79667,1.000
easa_evo_s1,easa_evo,sensor,900048,0.26389,1.000
easa_evo_s1,easa_evo,sensor,900049,0.76389,1.000
easa_evo_s2,easa_evo,sensor,900000,0.76500,1.000
easa_evo_s2,easa_evo,sensor,900001,0.31500,0.000
easa_evo_s2,easa_evo,sensor,900002,0.38111,0.000
easa_evo_s2,easa_evo,sensor,900003,0.44111,0.000
easa_evo_s2,easa_evo,sensor,900004,0.01333,0.000
easa_evo_s2,easa_evo,sensor,900005,0.00000,0.000
easa_evo_s2,easa_evo,sensor,900006,0.07667,1.000
easa_evo_s2,easa_evo,sensor,900007,0.95000,1.000
easa_evo_s2,easa_evo,sensor,900008,0.38111,0.000
easa_evo_s2,easa_evo,sensor,900009,0.22389,0.000
easa_evo_s2,easa_evo,sensor,900010,0.40722,1.000
easa_evo_s2,easa_evo,sensor,900011,0.11111,0.000
easa_evo_s2,easa_evo,sensor,900012,0.00000,0.000
easa_evo_s2,easa_evo,sensor,900013,0.00000,0.000
easa_evo_s2,easa_evo,sensor,900014,0.72556,1.000
easa_evo_s2,easa_evo,sensor,900015,0.68333,1.000
easa_evo_s2,easa_evo,sensor,900016,0.88500,1.000
easa_evo_s2,easa_evo,sensor,900017,0.33111,0.000
easa_evo_s2,easa_evo,sensor,900018,0.09000,0.000
easa_evo_s2,easa_evo,sensor,900019,0.10389,1.000
easa_evo_s2,easa_evo,sensor,900020,0.13333,0.000
easa_evo_s2,easa_evo,sensor,900021,0.43944,1.000
easa_evo_s2,easa_evo,sensor,900022,0.22167,0.000
easa_evo_s2,easa_evo,sensor,900023,0.00000,0.000
easa_evo_s2,easa_evo,sensor,900024,0.00000,0.000
easa_evo_s2,easa_evo,sensor,900025,0.22722,0.000
easa_evo_s2,easa_evo,sensor,900026,0.00000,0.000
easa_evo_s2,easa_evo,sensor,900027,0.38778,1.000
easa_evo_s2,easa_evo,sensor,900028,0.37111,0.000
easa_evo_s2,easa_evo,sensor,900029,0.13444,1.000
easa_evo_s2,easa_evo,sensor,900030,0.80000,1.000
easa_evo_s2,easa_evo,sensor,900031,0.00000,0.000
easa_evo_s2,easa_evo,sensor,900032,0.36722,0.000
easa_evo_s2,easa_evo,sensor,900033,0.42000,0.000
easa_evo_s2,easa_evo,sensor,900034,0.00000,0.000
easa_evo_s2,easa_evo,sensor,900035,0.16389,0.000
easa_evo_s2,easa_evo,sensor,900036,0.46611,1.000
easa_evo_s2,easa_evo,sensor,900037,0.00000,0.000
easa_evo_s2,easa_evo,sensor,900038,0.77944,1.000
easa_evo_s2,easa_evo,sensor,900039,0.05389,0.000
easa_evo_s2,easa_evo,sensor,900040,0.09667,0.000
easa_evo_s2,easa_evo,sensor,900041,0.20056,1.000
easa_evo_s2,easa_evo,sensor,900042,0.77111,1.000
easa_evo_s2,easa_evo,sensor,900043,0.72778,1.000
easa_evo_s2,easa_evo,sensor,900044,0.38278,1.000
easa_evo_s2,easa_evo,sensor,900045,0.45722,0.000
easa_evo_s2,easa_evo,sensor,900046,0.27333,0.000
easa_evo_s2,easa_evo,sensor,900047,0.47167,0.000
easa_evo_s2,easa_evo,sensor,900048,0.28778,0.000
easa_evo_s2,easa_evo,sensor,900049,0.78222,1.000
easa_evo_s3,easa_evo,sensor,900000,0.76222,1.000
easa_evo_s3,easa_evo,sensor,900001,0.47000,1.000
easa_evo_s3,easa_evo,sensor,900002,0.29389,0.000
easa_evo_s3,easa_evo,sensor,900003,0.44833,0.000
easa_evo_s3,easa_evo,sensor,900004,0.42611,0.000
easa_evo_s3,easa_evo,sensor,900005,0.18778,0.000
easa_evo_s3,easa_evo,sensor,900006,0.00000,0.000
easa_evo_s3,easa_evo,sensor,900007,0.94889,1.000
easa_evo_s3,easa_evo,sensor,900008,0.40000,1.000
easa_evo_s3,easa_evo,sensor,900009,0.45389,1.000
easa_evo_s3,easa_evo,sensor,900010,0.36944,1.000
easa_evo_s3,easa_evo,sensor,900011,0.21611,1.000
easa_evo_s3,easa_evo,sensor,900012,0.64722,1.000
easa_evo_s3,easa_evo,sensor,900013,0.23056,1.000
easa_evo_s3,easa_evo,sensor,900014,0.73000,1.000
easa_evo_s3,easa_evo,sensor,900015,0.02778,1.000
easa_evo_s3,easa_evo,sensor,900016,0.87944,1.000
easa_evo_s3,easa_evo,sensor,900017,0.37000,0.000
easa_evo_s3,easa_evo,sensor,900018,0.03056,0.000
easa_evo_s3,easa_evo,sensor,900019,0.00000,0.000
easa_evo_s3,easa_evo,sensor,900020,0.40556,1.000
easa_evo_s3,easa_evo,sensor,900021,0.06444,0.000
easa_evo_s3,easa_evo,sensor,900022,0.35167,0.000
easa_evo_s3,easa_evo,sensor,900023,0.14778,0.000
easa_evo_s3,easa_evo,sensor,900024,0.27722,1.000
easa_evo_s3,easa_evo,sensor,900025,0.45333,1.000
easa_evo_s3,easa_evo,sensor,900026,0.00000,0.000
easa_evo_s3,easa_evo,sensor,900027,0.39167,1.000
easa_evo_s3,easa_evo,sensor,900028,0.29167,0.000
easa_evo_s3,easa_evo,sensor,900029,0.26889,0.000
easa_evo_s3,easa_evo,sensor,900030,0.45500,0.000
easa_evo_s3,easa_evo,sensor,900031,0.21000,0.000
easa_evo_s3,easa_evo,sensor,900032,0.00000,0.000
easa_evo_s3,easa_evo,sensor,900033,0.36889,0.000
easa_evo_s3,easa_evo,sensor,900034,0.17611,0.000
easa_evo_s3,easa_evo,sensor,900035,0.00000,0.000
easa_evo_s3,easa_evo,sensor,900036,0.08889,0.000
easa_evo_s3,easa_evo,sensor,900037,0.30722,0.000
easa_evo_s3,easa_evo,sensor,900038,0.64111,1.000
easa_evo_s3,easa_evo,sensor,900039,0.00000,0.000
easa_evo_s3,easa_evo,sensor,900040,0.57056,1.000
easa_evo_s3,easa_evo,sensor,900041,0.20333,0.000
easa_evo_s3,easa_evo,sensor,900042,0.46667,1.000
easa_evo_s3,easa_evo,sensor,900043,0.42333,0.000
easa_evo_s3,easa_evo,sensor,900044,0.58556,1.000
easa_evo_s3,easa_evo,sensor,900045,0.47278,0.000
easa_evo_s3,easa_evo,sensor,900046,0.38278,0.000
easa_evo_s3,easa_evo,sensor,900047,0.46722,0.000
easa_evo_s3,easa_evo,sensor,900048,0.09222,1.000
easa_evo_s3,easa_evo,sensor,900049,0.66389,1.000
easa_s1,easa,sensor,900000,0.00000,0.000
easa_s1,easa,sensor,900001,0.44778,1.000
easa_s1,easa,sensor,900002,0.00000,0.000
easa_s1,easa,sensor,900003,0.00000,0.000
easa_s1,easa,sensor,900004,0.00000,0.000
easa_s1,easa,sensor,900005,0.00000,0.000
easa_s1,easa,sensor,900006,0.19389,0.000
easa_s1,easa,sensor,900007,0.44056,1.000
easa_s1,easa,sensor,900008,0.43056,0.000
easa_s1,easa,sensor,900009,0.57333,1.000
easa_s1,easa,sensor,900010,0.38000,1.000
easa_s1,easa,sensor,900011,0.37722,0.000
easa_s1,easa,sensor,900012,0.47000,1.000
easa_s1,easa,sensor,900013,0.33222,0.000
easa_s1,easa,sensor,900014,0.05056,0.000
easa_s1,easa,sensor,900015,0.42056,1.000
easa_s1,easa,sensor,900016,0.90278,1.000
easa_s1,easa,sensor,900017,0.00000,0.000
easa_s1,easa,sensor,900018,0.00000,0.000
easa_s1,easa,sensor,900019,0.49444,1.000
easa_s1,easa,sensor,900020,0.20833,0.000
easa_s1,easa,sensor,900021,0.67833,1.000
easa_s1,easa,sensor,900022,0.45056,0.000
easa_s1,easa,sensor,900023,0.06833,0.000
easa_s1,easa,sensor,900024,0.44833,0.000
easa_s1,easa,sensor,900025,0.73222,1.000
easa_s1,easa,sensor,900026,0.03444,0.000
easa_s1,easa,sensor,900027,0.32889,0.000
easa_s1,easa,sensor,900028,0.00000,0.000
easa_s1,easa,sensor,900029,0.22000,1.000
easa_s1,easa,sensor,900030,0.00000,0.000
easa_s1,easa,sensor,900031,0.31111,0.000
easa_s1,easa,sensor,900032,0.34500,0.000
easa_s1,easa,sensor,900033,0.41944,0.000
easa_s1,easa,sensor,900034,0.07556,0.000
easa_s1,easa,sensor,900035,0.55056,1.000
easa_s1,easa,sensor,900036,0.61556,1.000
easa_s1,easa,sensor,900037,0.45833,0.000
easa_s1,easa,sensor,900038,0.46167,1.000
easa_s1,easa,sensor,900039,0.37222,0.000
easa_s1,easa,sensor,900040,0.00000,0.000
easa_s1,easa,sensor,900041,0.17500,0.000
easa_s1,easa,sensor,900042,0.43500,0.000
easa_s1,easa,sensor,900043,0.25389,1.000
easa_s1,easa,sensor,900044,0.60056,1.000
easa_s1,easa,sensor,900045,0.69944,1.000
easa_s1,easa,sensor,900046,0.76611,1.000
easa_s1,easa,sensor,900047,0.25556,0.000
easa_s1,easa,sensor,900048,0.33722,0.000
easa_s1,easa,sensor,900049,0.81611,1.000
easa_safe_s1,easa_safe,sensor,900000,0.00000,0.000
easa_safe_s1,easa_safe,sensor,900001,0.31222,0.000
easa_safe_s1,easa_safe,sensor,900002,0.45556,0.000
easa_safe_s1,easa_safe,sensor,900003,0.68000,1.000
easa_safe_s1,easa_safe,sensor,900004,0.41333,0.000
easa_safe_s1,easa_safe,sensor,900005,0.00000,0.000
easa_safe_s1,easa_safe,sensor,900006,0.00000,0.000
easa_safe_s1,easa_safe,sensor,900007,0.00000,0.000
easa_safe_s1,easa_safe,sensor,900008,0.78167,1.000
easa_safe_s1,easa_safe,sensor,900009,0.13389,0.000
easa_safe_s1,easa_safe,sensor,900010,0.44278,1.000
easa_safe_s1,easa_safe,sensor,900011,0.42667,1.000
easa_safe_s1,easa_safe,sensor,900012,0.21056,0.000
easa_safe_s1,easa_safe,sensor,900013,0.40111,1.000
easa_safe_s1,easa_safe,sensor,900014,0.06444,0.000
easa_safe_s1,easa_safe,sensor,900015,0.36944,0.000
easa_safe_s1,easa_safe,sensor,900016,0.21056,0.000
easa_safe_s1,easa_safe,sensor,900017,0.14833,0.000
easa_safe_s1,easa_safe,sensor,900018,0.13778,0.000
easa_safe_s1,easa_safe,sensor,900019,0.33444,0.000
easa_safe_s1,easa_safe,sensor,900020,0.63167,1.000
easa_safe_s1,easa_safe,sensor,900021,0.26278,1.000
easa_safe_s1,easa_safe,sensor,900022,0.06333,0.000
easa_safe_s1,easa_safe,sensor,900023,0.35778,0.000
easa_safe_s1,easa_safe,sensor,900024,0.07000,0.000
easa_safe_s1,easa_safe,sensor,900025,0.48056,1.000
easa_safe_s1,easa_safe,sensor,900026,0.35111,1.000
easa_safe_s1,easa_safe,sensor,900027,0.13389,0.000
easa_safe_s1,easa_safe,sensor,900028,0.40333,0.000
easa_safe_s1,easa_safe,sensor,900029,0.16389,0.000
easa_safe_s1,easa_safe,sensor,900030,0.00000,0.000
easa_safe_s1,easa_safe,sensor,900031,0.22944,0.000
easa_safe_s1,easa_safe,sensor,900032,0.00000,0.000
easa_safe_s1,easa_safe,sensor,900033,0.29444,1.000
easa_safe_s1,easa_safe,sensor,900034,0.24333,0.000
easa_safe_s1,easa_safe,sensor,900035,0.00333,0.000
easa_safe_s1,easa_safe,sensor,900036,0.00000,0.000
easa_safe_s1,easa_safe,sensor,900037,0.21556,0.000
easa_safe_s1,easa_safe,sensor,900038,0.00000,0.000
easa_safe_s1,easa_safe,sensor,900039,0.60944,1.000
easa_safe_s1,easa_safe,sensor,900040,0.79111,1.000
easa_safe_s1,easa_safe,sensor,900041,0.46667,0.000
easa_safe_s1,easa_safe,sensor,900042,0.48722,1.000
easa_safe_s1,easa_safe,sensor,900043,0.00111,0.000
easa_safe_s1,easa_safe,sensor,900044,0.41444,1.000
easa_safe_s1,easa_safe,sensor,900045,0.51333,1.000
easa_safe_s1,easa_safe,sensor,900046,0.69944,1.000
easa_safe_s1,easa_safe,sensor,900047,0.00000,0.000
easa_safe_s1,easa_safe,sensor,900048,0.29611,1.000
easa_safe_s1,easa_safe,sensor,900049,0.65667,1.000
gru_compass_s1,gru_compass,sensor,900000,0.91444,1.000
gru_compass_s1,gru_compass,sensor,900001,0.93722,1.000
gru_compass_s1,gru_compass,sensor,900002,0.95278,1.000
gru_compass_s1,gru_compass,sensor,900003,0.93333,1.000
gru_compass_s1,gru_compass,sensor,900004,0.93722,1.000
gru_compass_s1,gru_compass,sensor,900005,0.92389,1.000
gru_compass_s1,gru_compass,sensor,900006,0.90278,1.000
gru_compass_s1,gru_compass,sensor,900007,0.94278,1.000
gru_compass_s1,gru_compass,sensor,900008,0.93500,1.000
gru_compass_s1,gru_compass,sensor,900009,0.91556,1.000
gru_compass_s1,gru_compass,sensor,900010,0.94833,1.000
gru_compass_s1,gru_compass,sensor,900011,0.91611,1.000
gru_compass_s1,gru_compass,sensor,900012,0.92556,1.000
gru_compass_s1,gru_compass,sensor,900013,0.91000,1.000
gru_compass_s1,gru_compass,sensor,900014,0.92833,1.000
gru_compass_s1,gru_compass,sensor,900015,0.92778,1.000
gru_compass_s1,gru_compass,sensor,900016,0.93611,1.000
gru_compass_s1,gru_compass,sensor,900017,0.92889,1.000
gru_compass_s1,gru_compass,sensor,900018,0.94333,1.000
gru_compass_s1,gru_compass,sensor,900019,0.94000,1.000
gru_compass_s1,gru_compass,sensor,900020,0.92833,1.000
gru_compass_s1,gru_compass,sensor,900021,0.92333,1.000
gru_compass_s1,gru_compass,sensor,900022,0.90889,1.000
gru_compass_s1,gru_compass,sensor,900023,0.94222,1.000
gru_compass_s1,gru_compass,sensor,900024,0.91889,1.000
gru_compass_s1,gru_compass,sensor,900025,0.94722,1.000
gru_compass_s1,gru_compass,sensor,900026,0.91778,1.000
gru_compass_s1,gru_compass,sensor,900027,0.94833,1.000
gru_compass_s1,gru_compass,sensor,900028,0.93278,1.000
gru_compass_s1,gru_compass,sensor,900029,0.92722,1.000
gru_compass_s1,gru_compass,sensor,900030,0.92389,1.000
gru_compass_s1,gru_compass,sensor,900031,0.91944,1.000
gru_compass_s1,gru_compass,sensor,900032,0.91833,1.000
gru_compass_s1,gru_compass,sensor,900033,0.95167,1.000
gru_compass_s1,gru_compass,sensor,900034,0.92278,1.000
gru_compass_s1,gru_compass,sensor,900035,0.90778,1.000
gru_compass_s1,gru_compass,sensor,900036,0.91333,1.000
gru_compass_s1,gru_compass,sensor,900037,0.93500,1.000
gru_compass_s1,gru_compass,sensor,900038,0.92556,1.000
gru_compass_s1,gru_compass,sensor,900039,0.90722,1.000
gru_compass_s1,gru_compass,sensor,900040,0.95611,1.000
gru_compass_s1,gru_compass,sensor,900041,0.94500,1.000
gru_compass_s1,gru_compass,sensor,900042,0.89500,1.000
gru_compass_s1,gru_compass,sensor,900043,0.90778,1.000
gru_compass_s1,gru_compass,sensor,900044,0.93333,1.000
gru_compass_s1,gru_compass,sensor,900045,0.93222,1.000
gru_compass_s1,gru_compass,sensor,900046,0.93167,1.000
gru_compass_s1,gru_compass,sensor,900047,0.93611,1.000
gru_compass_s1,gru_compass,sensor,900048,0.92111,1.000
gru_compass_s1,gru_compass,sensor,900049,0.92667,1.000
gru_s1,gru,motor,900000,0.46222,1.000
gru_s1,gru,motor,900001,0.70500,1.000
gru_s1,gru,motor,900002,0.00000,0.000
gru_s1,gru,motor,900003,0.82500,1.000
gru_s1,gru,motor,900004,0.03111,0.000
gru_s1,gru,motor,900005,0.79611,1.000
gru_s1,gru,motor,900006,0.62444,1.000
gru_s1,gru,motor,900007,0.54722,1.000
gru_s1,gru,motor,900008,0.73833,1.000
gru_s1,gru,motor,900009,0.74944,1.000
gru_s1,gru,motor,900010,0.51000,1.000
gru_s1,gru,motor,900011,0.81556,1.000
gru_s1,gru,motor,900012,0.77722,1.000
gru_s1,gru,motor,900013,0.44833,1.000
gru_s1,gru,motor,900014,0.72611,1.000
gru_s1,gru,motor,900015,0.78444,1.000
gru_s1,gru,motor,900016,0.57778,1.000
gru_s1,gru,motor,900017,0.62833,1.000
gru_s1,gru,motor,900018,0.63722,1.000
gru_s1,gru,motor,900019,0.81278,1.000
gru_s1,gru,motor,900020,0.74333,1.000
gru_s1,gru,motor,900021,0.81611,1.000
gru_s1,gru,motor,900022,0.69278,1.000
gru_s1,gru,motor,900023,0.47222,1.000
gru_s1,gru,motor,900024,0.48889,1.000
gru_s1,gru,motor,900025,0.83111,1.000
gru_s1,gru,motor,900026,0.79611,1.000
gru_s1,gru,motor,900027,0.88056,1.000
gru_s1,gru,motor,900028,0.01056,0.000
gru_s1,gru,motor,900029,0.80500,1.000
gru_s1,gru,motor,900030,0.78167,1.000
gru_s1,gru,motor,900031,0.47667,1.000
gru_s1,gru,motor,900032,0.74167,1.000
gru_s1,gru,motor,900033,0.87167,1.000
gru_s1,gru,motor,900034,0.75611,1.000
gru_s1,gru,motor,900035,0.47722,1.000
gru_s1,gru,motor,900036,0.75500,1.000
gru_s1,gru,motor,900037,0.79500,1.000
gru_s1,gru,motor,900038,0.87111,1.000
gru_s1,gru,motor,900039,0.88667,1.000
gru_s1,gru,motor,900040,0.78222,1.000
gru_s1,gru,motor,900041,0.10889,1.000
gru_s1,gru,motor,900042,0.75778,1.000
gru_s1,gru,motor,900043,0.80500,1.000
gru_s1,gru,motor,900044,0.76056,1.000
gru_s1,gru,motor,900045,0.80333,1.000
gru_s1,gru,motor,900046,0.58944,1.000
gru_s1,gru,motor,900047,0.77667,1.000
gru_s1,gru,motor,900048,0.86444,1.000
gru_s1,gru,motor,900049,0.14500,1.000
gru_s2,gru,motor,900000,0.70389,1.000
gru_s2,gru,motor,900001,0.56222,1.000
gru_s2,gru,motor,900002,0.37278,0.000
gru_s2,gru,motor,900003,0.20722,1.000
gru_s2,gru,motor,900004,0.47111,1.000
gru_s2,gru,motor,900005,0.59389,1.000
gru_s2,gru,motor,900006,0.53778,1.000
gru_s2,gru,motor,900007,0.88222,1.000
gru_s2,gru,motor,900008,0.61556,1.000
gru_s2,gru,motor,900009,0.55111,1.000
gru_s2,gru,motor,900010,0.72556,1.000
gru_s2,gru,motor,900011,0.59833,1.000
gru_s2,gru,motor,900012,0.23389,0.000
gru_s2,gru,motor,900013,0.45111,0.000
gru_s2,gru,motor,900014,0.76167,1.000
gru_s2,gru,motor,900015,0.32389,0.000
gru_s2,gru,motor,900016,0.47500,1.000
gru_s2,gru,motor,900017,0.57333,1.000
gru_s2,gru,motor,900018,0.81444,1.000
gru_s2,gru,motor,900019,0.50667,1.000
gru_s2,gru,motor,900020,0.90889,1.000
gru_s2,gru,motor,900021,0.18000,0.000
gru_s2,gru,motor,900022,0.60611,1.000
gru_s2,gru,motor,900023,0.37500,0.000
gru_s2,gru,motor,900024,0.16778,0.000
gru_s2,gru,motor,900025,0.69722,1.000
gru_s2,gru,motor,900026,0.67389,1.000
gru_s2,gru,motor,900027,0.60167,1.000
gru_s2,gru,motor,900028,0.53444,1.000
gru_s2,gru,motor,900029,0.80556,1.000
gru_s2,gru,motor,900030,0.70389,1.000
gru_s2,gru,motor,900031,0.62944,1.000
gru_s2,gru,motor,900032,0.57889,1.000
gru_s2,gru,motor,900033,0.57556,1.000
gru_s2,gru,motor,900034,0.65889,1.000
gru_s2,gru,motor,900035,0.31000,0.000
gru_s2,gru,motor,900036,0.40278,0.000
gru_s2,gru,motor,900037,0.76556,1.000
gru_s2,gru,motor,900038,0.80889,1.000
gru_s2,gru,motor,900039,0.28389,1.000
gru_s2,gru,motor,900040,0.45389,1.000
gru_s2,gru,motor,900041,0.34278,1.000
gru_s2,gru,motor,900042,0.29111,1.000
gru_s2,gru,motor,900043,0.23333,0.000
gru_s2,gru,motor,900044,0.90778,1.000
gru_s2,gru,motor,900045,0.48611,1.000
gru_s2,gru,motor,900046,0.24944,0.000
gru_s2,gru,motor,900047,0.76333,1.000
gru_s2,gru,motor,900048,0.33722,0.000
gru_s2,gru,motor,900049,0.00000,0.000
gru_s3,gru,motor,900000,0.52944,1.000
gru_s3,gru,motor,900001,0.74444,1.000
gru_s3,gru,motor,900002,0.55000,1.000
gru_s3,gru,motor,900003,0.48944,1.000
gru_s3,gru,motor,900004,0.62056,1.000
gru_s3,gru,motor,900005,0.38389,1.000
gru_s3,gru,motor,900006,0.54222,1.000
gru_s3,gru,motor,900007,0.49167,1.000
gru_s3,gru,motor,900008,0.69222,1.000
gru_s3,gru,motor,900009,0.59444,1.000
gru_s3,gru,motor,900010,0.46778,1.000
gru_s3,gru,motor,900011,0.51167,1.000
gru_s3,gru,motor,900012,0.13000,1.000
gru_s3,gru,motor,900013,0.54056,1.000
gru_s3,gru,motor,900014,0.70056,1.000
gru_s3,gru,motor,900015,0.00000,0.000
gru_s3,gru,motor,900016,0.58667,1.000
gru_s3,gru,motor,900017,0.80167,1.000
gru_s3,gru,motor,900018,0.82833,1.000
gru_s3,gru,motor,900019,0.82444,1.000
gru_s3,gru,motor,900020,0.85611,1.000
gru_s3,gru,motor,900021,0.84611,1.000
gru_s3,gru,motor,900022,0.12389,1.000
gru_s3,gru,motor,900023,0.72056,1.000
gru_s3,gru,motor,900024,0.00000,0.000
gru_s3,gru,motor,900025,0.51722,1.000
gru_s3,gru,motor,900026,0.73389,1.000
gru_s3,gru,motor,900027,0.72611,1.000
gru_s3,gru,motor,900028,0.63333,1.000
gru_s3,gru,motor,900029,0.65500,1.000
gru_s3,gru,motor,900030,0.71000,1.000
gru_s3,gru,motor,900031,0.65444,1.000
gru_s3,gru,motor,900032,0.77722,1.000
gru_s3,gru,motor,900033,0.67444,1.000
gru_s3,gru,motor,900034,0.63944,1.000
gru_s3,gru,motor,900035,0.78500,1.000
gru_s3,gru,motor,900036,0.58722,1.000
gru_s3,gru,motor,900037,0.67000,1.000
gru_s3,gru,motor,900038,0.41111,1.000
gru_s3,gru,motor,900039,0.82056,1.000
gru_s3,gru,motor,900040,0.56444,1.000
gru_s3,gru,motor,900041,0.20500,1.000
gru_s3,gru,motor,900042,0.61778,1.000
gru_s3,gru,motor,900043,0.29889,1.000
gru_s3,gru,motor,900044,0.67667,1.000
gru_s3,gru,motor,900045,0.66778,1.000
gru_s3,gru,motor,900046,0.74444,1.000
gru_s3,gru,motor,900047,0.04278,0.000
gru_s3,gru,motor,900048,0.14000,1.000
gru_s3,gru,motor,900049,0.04500,0.000
easa_evo_s1,easa_evo,motor,900000,0.68833,1.000
easa_evo_s1,easa_evo,motor,900001,0.36722,1.000
easa_evo_s1,easa_evo,motor,900002,0.58889,1.000
easa_evo_s1,easa_evo,motor,900003,0.39167,1.000
easa_evo_s1,easa_evo,motor,900004,0.59222,1.000
easa_evo_s1,easa_evo,motor,900005,0.05056,0.000
easa_evo_s1,easa_evo,motor,900006,0.29111,1.000
easa_evo_s1,easa_evo,motor,900007,0.87056,1.000
easa_evo_s1,easa_evo,motor,900008,0.80944,1.000
easa_evo_s1,easa_evo,motor,900009,0.24556,1.000
easa_evo_s1,easa_evo,motor,900010,0.02722,0.000
easa_evo_s1,easa_evo,motor,900011,0.84722,1.000
easa_evo_s1,easa_evo,motor,900012,0.00000,0.000
easa_evo_s1,easa_evo,motor,900013,0.12111,0.000
easa_evo_s1,easa_evo,motor,900014,0.74944,1.000
easa_evo_s1,easa_evo,motor,900015,0.00667,0.000
easa_evo_s1,easa_evo,motor,900016,0.82722,1.000
easa_evo_s1,easa_evo,motor,900017,0.00000,0.000
easa_evo_s1,easa_evo,motor,900018,0.24444,1.000
easa_evo_s1,easa_evo,motor,900019,0.25333,1.000
easa_evo_s1,easa_evo,motor,900020,0.36889,1.000
easa_evo_s1,easa_evo,motor,900021,0.48389,1.000
easa_evo_s1,easa_evo,motor,900022,0.39889,1.000
easa_evo_s1,easa_evo,motor,900023,0.08611,0.000
easa_evo_s1,easa_evo,motor,900024,0.00000,0.000
easa_evo_s1,easa_evo,motor,900025,0.56944,1.000
easa_evo_s1,easa_evo,motor,900026,0.00000,0.000
easa_evo_s1,easa_evo,motor,900027,0.16167,0.000
easa_evo_s1,easa_evo,motor,900028,0.26056,1.000
easa_evo_s1,easa_evo,motor,900029,0.27778,1.000
easa_evo_s1,easa_evo,motor,900030,0.53833,1.000
easa_evo_s1,easa_evo,motor,900031,0.60278,1.000
easa_evo_s1,easa_evo,motor,900032,0.00000,0.000
easa_evo_s1,easa_evo,motor,900033,0.62389,1.000
easa_evo_s1,easa_evo,motor,900034,0.71667,1.000
easa_evo_s1,easa_evo,motor,900035,0.00000,0.000
easa_evo_s1,easa_evo,motor,900036,0.27889,1.000
easa_evo_s1,easa_evo,motor,900037,0.65389,1.000
easa_evo_s1,easa_evo,motor,900038,0.70389,1.000
easa_evo_s1,easa_evo,motor,900039,0.00000,0.000
easa_evo_s1,easa_evo,motor,900040,0.00000,0.000
easa_evo_s1,easa_evo,motor,900041,0.00000,0.000
easa_evo_s1,easa_evo,motor,900042,0.59500,1.000
easa_evo_s1,easa_evo,motor,900043,0.33389,1.000
easa_evo_s1,easa_evo,motor,900044,0.22944,0.000
easa_evo_s1,easa_evo,motor,900045,0.72278,1.000
easa_evo_s1,easa_evo,motor,900046,0.70889,1.000
easa_evo_s1,easa_evo,motor,900047,0.43500,1.000
easa_evo_s1,easa_evo,motor,900048,0.00000,0.000
easa_evo_s1,easa_evo,motor,900049,0.71222,1.000
easa_evo_s2,easa_evo,motor,900000,0.79722,1.000
easa_evo_s2,easa_evo,motor,900001,0.24167,0.000
easa_evo_s2,easa_evo,motor,900002,0.47278,1.000
easa_evo_s2,easa_evo,motor,900003,0.02889,0.000
easa_evo_s2,easa_evo,motor,900004,0.11778,0.000
easa_evo_s2,easa_evo,motor,900005,0.32611,1.000
easa_evo_s2,easa_evo,motor,900006,0.20389,0.000
easa_evo_s2,easa_evo,motor,900007,0.93556,1.000
easa_evo_s2,easa_evo,motor,900008,0.72833,1.000
easa_evo_s2,easa_evo,motor,900009,0.42667,1.000
easa_evo_s2,easa_evo,motor,900010,0.43333,0.000
easa_evo_s2,easa_evo,motor,900011,0.88556,1.000
easa_evo_s2,easa_evo,motor,900012,0.31889,0.000
easa_evo_s2,easa_evo,motor,900013,0.14389,1.000
easa_evo_s2,easa_evo,motor,900014,0.73556,1.000
easa_evo_s2,easa_evo,motor,900015,0.00000,0.000
easa_evo_s2,easa_evo,motor,900016,0.84722,1.000
easa_evo_s2,easa_evo,motor,900017,0.35333,0.000
easa_evo_s2,easa_evo,motor,900018,0.29111,0.000
easa_evo_s2,easa_evo,motor,900019,0.43056,0.000
easa_evo_s2,easa_evo,motor,900020,0.68500,1.000
easa_evo_s2,easa_evo,motor,900021,0.60389,1.000
easa_evo_s2,easa_evo,motor,900022,0.06167,0.000
easa_evo_s2,easa_evo,motor,900023,0.00000,0.000
easa_evo_s2,easa_evo,motor,900024,0.00000,0.000
easa_evo_s2,easa_evo,motor,900025,0.00444,0.000
easa_evo_s2,easa_evo,motor,900026,0.40222,0.000
easa_evo_s2,easa_evo,motor,900027,0.26222,0.000
easa_evo_s2,easa_evo,motor,900028,0.00000,0.000
easa_evo_s2,easa_evo,motor,900029,0.17389,0.000
easa_evo_s2,easa_evo,motor,900030,0.67333,1.000
easa_evo_s2,easa_evo,motor,900031,0.41611,1.000
easa_evo_s2,easa_evo,motor,900032,0.33389,0.000
easa_evo_s2,easa_evo,motor,900033,0.38556,0.000
easa_evo_s2,easa_evo,motor,900034,0.37778,0.000
easa_evo_s2,easa_evo,motor,900035,0.45167,1.000
easa_evo_s2,easa_evo,motor,900036,0.34500,1.000
easa_evo_s2,easa_evo,motor,900037,0.00000,0.000
easa_evo_s2,easa_evo,motor,900038,0.44000,0.000
easa_evo_s2,easa_evo,motor,900039,0.00000,0.000
easa_evo_s2,easa_evo,motor,900040,0.05722,0.000
easa_evo_s2,easa_evo,motor,900041,0.04944,0.000
easa_evo_s2,easa_evo,motor,900042,0.37056,0.000
easa_evo_s2,easa_evo,motor,900043,0.39333,0.000
easa_evo_s2,easa_evo,motor,900044,0.06833,1.000
easa_evo_s2,easa_evo,motor,900045,0.47111,0.000
easa_evo_s2,easa_evo,motor,900046,0.40056,1.000
easa_evo_s2,easa_evo,motor,900047,0.00000,0.000
easa_evo_s2,easa_evo,motor,900048,0.28278,0.000
easa_evo_s2,easa_evo,motor,900049,0.79389,1.000
easa_evo_s3,easa_evo,motor,900000,0.58000,1.000
easa_evo_s3,easa_evo,motor,900001,0.38222,1.000
easa_evo_s3,easa_evo,motor,900002,0.40556,0.000
easa_evo_s3,easa_evo,motor,900003,0.28833,0.000
easa_evo_s3,easa_evo,motor,900004,0.43333,0.000
easa_evo_s3,easa_evo,motor,900005,0.02333,0.000
easa_evo_s3,easa_evo,motor,900006,0.00000,0.000
easa_evo_s3,easa_evo,motor,900007,0.93333,1.000
easa_evo_s3,easa_evo,motor,900008,0.47056,1.000
easa_evo_s3,easa_evo,motor,900009,0.45500,1.000
easa_evo_s3,easa_evo,motor,900010,0.44056,1.000
easa_evo_s3,easa_evo,motor,900011,0.90556,1.000
easa_evo_s3,easa_evo,motor,900012,0.13722,0.000
easa_evo_s3,easa_evo,motor,900013,0.26222,1.000
easa_evo_s3,easa_evo,motor,900014,0.47500,0.000
easa_evo_s3,easa_evo,motor,900015,0.26222,0.000
easa_evo_s3,easa_evo,motor,900016,0.89389,1.000
easa_evo_s3,easa_evo,motor,900017,0.33611,0.000
easa_evo_s3,easa_evo,motor,900018,0.03833,1.000
easa_evo_s3,easa_evo,motor,900019,0.08500,0.000
easa_evo_s3,easa_evo,motor,900020,0.26778,0.000
easa_evo_s3,easa_evo,motor,900021,0.23778,0.000
easa_evo_s3,easa_evo,motor,900022,0.42833,1.000
easa_evo_s3,easa_evo,motor,900023,0.26556,0.000
easa_evo_s3,easa_evo,motor,900024,0.00000,0.000
easa_evo_s3,easa_evo,motor,900025,0.00000,0.000
easa_evo_s3,easa_evo,motor,900026,0.56667,1.000
easa_evo_s3,easa_evo,motor,900027,0.18000,0.000
easa_evo_s3,easa_evo,motor,900028,0.00000,0.000
easa_evo_s3,easa_evo,motor,900029,0.09278,0.000
easa_evo_s3,easa_evo,motor,900030,0.46111,0.000
easa_evo_s3,easa_evo,motor,900031,0.66944,1.000
easa_evo_s3,easa_evo,motor,900032,0.10667,0.000
easa_evo_s3,easa_evo,motor,900033,0.38611,0.000
easa_evo_s3,easa_evo,motor,900034,0.47278,1.000
easa_evo_s3,easa_evo,motor,900035,0.00000,0.000
easa_evo_s3,easa_evo,motor,900036,0.00000,0.000
easa_evo_s3,easa_evo,motor,900037,0.60222,1.000
easa_evo_s3,easa_evo,motor,900038,0.45111,1.000
easa_evo_s3,easa_evo,motor,900039,0.23667,0.000
easa_evo_s3,easa_evo,motor,900040,0.26167,0.000
easa_evo_s3,easa_evo,motor,900041,0.15889,0.000
easa_evo_s3,easa_evo,motor,900042,0.77000,1.000
easa_evo_s3,easa_evo,motor,900043,0.60389,1.000
easa_evo_s3,easa_evo,motor,900044,0.73333,1.000
easa_evo_s3,easa_evo,motor,900045,0.47444,1.000
easa_evo_s3,easa_evo,motor,900046,0.60722,1.000
easa_evo_s3,easa_evo,motor,900047,0.00000,0.000
easa_evo_s3,easa_evo,motor,900048,0.00000,0.000
easa_evo_s3,easa_evo,motor,900049,0.69444,1.000
easa_s1,easa,motor,900000,0.39722,0.000
easa_s1,easa,motor,900001,0.49278,1.000
easa_s1,easa,motor,900002,0.47778,1.000
easa_s1,easa,motor,900003,0.33056,0.000
easa_s1,easa,motor,900004,0.00000,0.000
easa_s1,easa,motor,900005,0.04778,0.000
easa_s1,easa,motor,900006,0.27778,0.000
easa_s1,easa,motor,900007,0.69667,1.000
easa_s1,easa,motor,900008,0.12611,0.000
easa_s1,easa,motor,900009,0.03278,0.000
easa_s1,easa,motor,900010,0.26611,0.000
easa_s1,easa,motor,900011,0.00167,0.000
easa_s1,easa,motor,900012,0.09167,0.000
easa_s1,easa,motor,900013,0.00000,0.000
easa_s1,easa,motor,900014,0.01000,0.000
easa_s1,easa,motor,900015,0.21889,0.000
easa_s1,easa,motor,900016,0.45722,0.000
easa_s1,easa,motor,900017,0.08056,0.000
easa_s1,easa,motor,900018,0.00000,0.000
easa_s1,easa,motor,900019,0.67000,1.000
easa_s1,easa,motor,900020,0.49111,1.000
easa_s1,easa,motor,900021,0.72222,1.000
easa_s1,easa,motor,900022,0.78611,1.000
easa_s1,easa,motor,900023,0.11389,1.000
easa_s1,easa,motor,900024,0.00000,0.000
easa_s1,easa,motor,900025,0.35056,1.000
easa_s1,easa,motor,900026,0.32167,1.000
easa_s1,easa,motor,900027,0.00000,0.000
easa_s1,easa,motor,900028,0.30722,1.000
easa_s1,easa,motor,900029,0.76611,1.000
easa_s1,easa,motor,900030,0.74111,1.000
easa_s1,easa,motor,900031,0.18611,1.000
easa_s1,easa,motor,900032,0.00000,0.000
easa_s1,easa,motor,900033,0.31944,0.000
easa_s1,easa,motor,900034,0.15889,0.000
easa_s1,easa,motor,900035,0.00000,0.000
easa_s1,easa,motor,900036,0.44000,1.000
easa_s1,easa,motor,900037,0.49667,1.000
easa_s1,easa,motor,900038,0.00000,0.000
easa_s1,easa,motor,900039,0.00167,0.000
easa_s1,easa,motor,900040,0.00000,0.000
easa_s1,easa,motor,900041,0.01722,0.000
easa_s1,easa,motor,900042,0.58611,1.000
easa_s1,easa,motor,900043,0.77556,1.000
easa_s1,easa,motor,900044,0.37111,0.000
easa_s1,easa,motor,900045,0.70944,1.000
easa_s1,easa,motor,900046,0.00000,0.000
easa_s1,easa,motor,900047,0.77444,1.000
easa_s1,easa,motor,900048,0.38333,0.000
easa_s1,easa,motor,900049,0.80389,1.000
easa_safe_s1,easa_safe,motor,900000,0.00000,0.000
easa_safe_s1,easa_safe,motor,900001,0.28722,1.000
easa_safe_s1,easa_safe,motor,900002,0.91444,1.000
easa_safe_s1,easa_safe,motor,900003,0.40444,0.000
easa_safe_s1,easa_safe,motor,900004,0.12111,0.000
easa_safe_s1,easa_safe,motor,900005,0.06111,0.000
easa_safe_s1,easa_safe,motor,900006,0.38556,1.000
easa_safe_s1,easa_safe,motor,900007,0.81889,1.000
easa_safe_s1,easa_safe,motor,900008,0.68000,1.000
easa_safe_s1,easa_safe,motor,900009,0.36944,1.000
easa_safe_s1,easa_safe,motor,900010,0.01000,0.000
easa_safe_s1,easa_safe,motor,900011,0.15000,0.000
easa_safe_s1,easa_safe,motor,900012,0.00000,0.000
easa_safe_s1,easa_safe,motor,900013,0.00000,0.000
easa_safe_s1,easa_safe,motor,900014,0.00000,0.000
easa_safe_s1,easa_safe,motor,900015,0.44556,0.000
easa_safe_s1,easa_safe,motor,900016,0.14833,0.000
easa_safe_s1,easa_safe,motor,900017,0.00000,0.000
easa_safe_s1,easa_safe,motor,900018,0.34111,1.000
easa_safe_s1,easa_safe,motor,900019,0.38000,0.000
easa_safe_s1,easa_safe,motor,900020,0.45333,1.000
easa_safe_s1,easa_safe,motor,900021,0.32056,1.000
easa_safe_s1,easa_safe,motor,900022,0.00000,0.000
easa_safe_s1,easa_safe,motor,900023,0.14667,0.000
easa_safe_s1,easa_safe,motor,900024,0.26167,0.000
easa_safe_s1,easa_safe,motor,900025,0.64444,1.000
easa_safe_s1,easa_safe,motor,900026,0.56167,1.000
easa_safe_s1,easa_safe,motor,900027,0.23833,0.000
easa_safe_s1,easa_safe,motor,900028,0.21167,0.000
easa_safe_s1,easa_safe,motor,900029,0.00000,0.000
easa_safe_s1,easa_safe,motor,900030,0.22444,1.000
easa_safe_s1,easa_safe,motor,900031,0.16333,0.000
easa_safe_s1,easa_safe,motor,900032,0.20500,0.000
easa_safe_s1,easa_safe,motor,900033,0.84333,1.000
easa_safe_s1,easa_safe,motor,900034,0.00000,0.000
easa_safe_s1,easa_safe,motor,900035,0.10167,0.000
easa_safe_s1,easa_safe,motor,900036,0.00000,0.000
easa_safe_s1,easa_safe,motor,900037,0.14111,0.000
easa_safe_s1,easa_safe,motor,900038,0.00000,0.000
easa_safe_s1,easa_safe,motor,900039,0.39056,1.000
easa_safe_s1,easa_safe,motor,900040,0.31056,0.000
easa_safe_s1,easa_safe,motor,900041,0.46389,1.000
easa_safe_s1,easa_safe,motor,900042,0.12944,0.000
easa_safe_s1,easa_safe,motor,900043,0.02833,0.000
easa_safe_s1,easa_safe,motor,900044,0.00000,0.000
easa_safe_s1,easa_safe,motor,900045,0.76000,1.000
easa_safe_s1,easa_safe,motor,900046,0.00000,0.000
easa_safe_s1,easa_safe,motor,900047,0.28833,0.000
easa_safe_s1,easa_safe,motor,900048,0.02556,0.000
easa_safe_s1,easa_safe,motor,900049,0.49111,1.000
gru_compass_s1,gru_compass,motor,900000,0.90944,1.000
gru_compass_s1,gru_compass,motor,900001,0.93611,1.000
gru_compass_s1,gru_compass,motor,900002,0.95222,1.000
gru_compass_s1,gru_compass,motor,900003,0.92778,1.000
gru_compass_s1,gru_compass,motor,900004,0.92056,1.000
gru_compass_s1,gru_compass,motor,900005,0.91444,1.000
gru_compass_s1,gru_compass,motor,900006,0.89944,1.000
gru_compass_s1,gru_compass,motor,900007,0.93500,1.000
gru_compass_s1,gru_compass,motor,900008,0.93056,1.000
gru_compass_s1,gru_compass,motor,900009,0.91056,1.000
gru_compass_s1,gru_compass,motor,900010,0.94556,1.000
gru_compass_s1,gru_compass,motor,900011,0.91278,1.000
gru_compass_s1,gru_compass,motor,900012,0.92111,1.000
gru_compass_s1,gru_compass,motor,900013,0.89944,1.000
gru_compass_s1,gru_compass,motor,900014,0.91889,1.000
gru_compass_s1,gru_compass,motor,900015,0.92389,1.000
gru_compass_s1,gru_compass,motor,900016,0.93611,1.000
gru_compass_s1,gru_compass,motor,900017,0.91889,1.000
gru_compass_s1,gru_compass,motor,900018,0.93444,1.000
gru_compass_s1,gru_compass,motor,900019,0.93444,1.000
gru_compass_s1,gru_compass,motor,900020,0.92611,1.000
gru_compass_s1,gru_compass,motor,900021,0.91778,1.000
gru_compass_s1,gru_compass,motor,900022,0.89833,1.000
gru_compass_s1,gru_compass,motor,900023,0.93889,1.000
gru_compass_s1,gru_compass,motor,900024,0.91778,1.000
gru_compass_s1,gru_compass,motor,900025,0.95000,1.000
gru_compass_s1,gru_compass,motor,900026,0.91278,1.000
gru_compass_s1,gru_compass,motor,900027,0.94167,1.000
gru_compass_s1,gru_compass,motor,900028,0.93056,1.000
gru_compass_s1,gru_compass,motor,900029,0.92222,1.000
gru_compass_s1,gru_compass,motor,900030,0.92111,1.000
gru_compass_s1,gru_compass,motor,900031,0.91500,1.000
gru_compass_s1,gru_compass,motor,900032,0.91222,1.000
gru_compass_s1,gru_compass,motor,900033,0.94611,1.000
gru_compass_s1,gru_compass,motor,900034,0.91500,1.000
gru_compass_s1,gru_compass,motor,900035,0.90444,1.000
gru_compass_s1,gru_compass,motor,900036,0.91000,1.000
gru_compass_s1,gru_compass,motor,900037,0.92722,1.000
gru_compass_s1,gru_compass,motor,900038,0.92000,1.000
gru_compass_s1,gru_compass,motor,900039,0.90389,1.000
gru_compass_s1,gru_compass,motor,900040,0.95167,1.000
gru_compass_s1,gru_compass,motor,900041,0.95056,1.000
gru_compass_s1,gru_compass,motor,900042,0.89167,1.000
gru_compass_s1,gru_compass,motor,900043,0.90333,1.000
gru_compass_s1,gru_compass,motor,900044,0.92778,1.000
gru_compass_s1,gru_compass,motor,900045,0.93222,1.000
gru_compass_s1,gru_compass,motor,900046,0.92833,1.000
gru_compass_s1,gru_compass,motor,900047,0.93333,1.000
gru_compass_s1,gru_compass,motor,900048,0.91333,1.000
gru_compass_s1,gru_compass,motor,900049,0.91667,1.000
gru_s1,gru,big,900000,0.52000,1.000
gru_s1,gru,big,900001,0.72926,1.000
gru_s1,gru,big,900002,0.78556,1.000
gru_s1,gru,big,900003,0.86148,1.000
gru_s1,gru,big,900004,0.80259,1.000
gru_s1,gru,big,900005,0.00000,0.000
gru_s1,gru,big,900006,0.63222,1.000
gru_s1,gru,big,900007,0.00000,0.000
gru_s1,gru,big,900008,0.77407,1.000
gru_s1,gru,big,900009,0.72222,1.000
gru_s1,gru,big,900010,0.08593,0.000
gru_s1,gru,big,900011,0.77926,1.000
gru_s1,gru,big,900012,0.59444,1.000
gru_s1,gru,big,900013,0.08519,0.000
gru_s1,gru,big,900014,0.76222,1.000
gru_s1,gru,big,900015,0.56185,1.000
gru_s1,gru,big,900016,0.72444,1.000
gru_s1,gru,big,900017,0.00000,0.000
gru_s1,gru,big,900018,0.69148,1.000
gru_s1,gru,big,900019,0.76148,1.000
gru_s1,gru,big,900020,0.72296,1.000
gru_s1,gru,big,900021,0.77704,1.000
gru_s1,gru,big,900022,0.71444,1.000
gru_s1,gru,big,900023,0.42778,1.000
gru_s1,gru,big,900024,0.43333,1.000
gru_s1,gru,big,900025,0.64000,1.000
gru_s1,gru,big,900026,0.52630,1.000
gru_s1,gru,big,900027,0.26630,1.000
gru_s1,gru,big,900028,0.79074,1.000
gru_s1,gru,big,900029,0.91481,1.000
gru_s1,gru,big,900030,0.00000,0.000
gru_s1,gru,big,900031,0.58111,1.000
gru_s1,gru,big,900032,0.67556,1.000
gru_s1,gru,big,900033,0.83593,1.000
gru_s1,gru,big,900034,0.77815,1.000
gru_s1,gru,big,900035,0.66000,1.000
gru_s1,gru,big,900036,0.60704,1.000
gru_s1,gru,big,900037,0.42148,1.000
gru_s1,gru,big,900038,0.87778,1.000
gru_s1,gru,big,900039,0.79148,1.000
gru_s1,gru,big,900040,0.82111,1.000
gru_s1,gru,big,900041,0.00000,0.000
gru_s1,gru,big,900042,0.00000,0.000
gru_s1,gru,big,900043,0.46370,1.000
gru_s1,gru,big,900044,0.75741,1.000
gru_s1,gru,big,900045,0.80593,1.000
gru_s1,gru,big,900046,0.04037,0.000
gru_s1,gru,big,900047,0.78667,1.000
gru_s1,gru,big,900048,0.00000,0.000
gru_s1,gru,big,900049,0.88704,1.000
gru_s2,gru,big,900000,0.00000,0.000
gru_s2,gru,big,900001,0.32037,0.000
gru_s2,gru,big,900002,0.84407,1.000
gru_s2,gru,big,900003,0.36630,0.000
gru_s2,gru,big,900004,0.48074,0.000
gru_s2,gru,big,900005,0.43815,0.000
gru_s2,gru,big,900006,0.75037,1.000
gru_s2,gru,big,900007,0.89630,1.000
gru_s2,gru,big,900008,0.39111,0.000
gru_s2,gru,big,900009,0.00000,0.000
gru_s2,gru,big,900010,0.00000,0.000
gru_s2,gru,big,900011,0.79963,1.000
gru_s2,gru,big,900012,0.38111,0.000
gru_s2,gru,big,900013,0.00000,0.000
gru_s2,gru,big,900014,0.43889,0.000
gru_s2,gru,big,900015,0.00000,0.000
gru_s2,gru,big,900016,0.36704,0.000
gru_s2,gru,big,900017,0.69407,1.000
gru_s2,gru,big,900018,0.35778,0.000
gru_s2,gru,big,900019,0.06296,0.000
gru_s2,gru,big,900020,0.00000,0.000
gru_s2,gru,big,900021,0.11407,0.000
gru_s2,gru,big,900022,0.63111,1.000
gru_s2,gru,big,900023,0.00000,0.000
gru_s2,gru,big,900024,0.17667,0.000
gru_s2,gru,big,900025,0.01222,0.000
gru_s2,gru,big,900026,0.29593,0.000
gru_s2,gru,big,900027,0.85444,1.000
gru_s2,gru,big,900028,0.25148,0.000
gru_s2,gru,big,900029,0.00000,0.000
gru_s2,gru,big,900030,0.30407,0.000
gru_s2,gru,big,900031,0.76407,1.000
gru_s2,gru,big,900032,0.91741,1.000
gru_s2,gru,big,900033,0.00000,0.000
gru_s2,gru,big,900034,0.84889,1.000
gru_s2,gru,big,900035,0.30593,0.000
gru_s2,gru,big,900036,0.40111,0.000
gru_s2,gru,big,900037,0.51148,1.000
gru_s2,gru,big,900038,0.75778,1.000
gru_s2,gru,big,900039,0.00000,0.000
gru_s2,gru,big,900040,0.39407,0.000
gru_s2,gru,big,900041,0.85000,1.000
gru_s2,gru,big,900042,0.00000,0.000
gru_s2,gru,big,900043,0.47667,1.000
gru_s2,gru,big,900044,0.62296,1.000
gru_s2,gru,big,900045,0.00000,0.000
gru_s2,gru,big,900046,0.28148,0.000
gru_s2,gru,big,900047,0.60704,1.000
gru_s2,gru,big,900048,0.35296,0.000
gru_s2,gru,big,900049,0.74148,1.000
gru_s3,gru,big,900000,0.00000,0.000
gru_s3,gru,big,900001,0.82963,1.000
gru_s3,gru,big,900002,0.30593,1.000
gru_s3,gru,big,900003,0.00000,0.000
gru_s3,gru,big,900004,0.54519,1.000
gru_s3,gru,big,900005,0.69037,1.000
gru_s3,gru,big,900006,0.67593,1.000
gru_s3,gru,big,900007,0.68741,1.000
gru_s3,gru,big,900008,0.24556,1.000
gru_s3,gru,big,900009,0.00000,0.000
gru_s3,gru,big,900010,0.76074,1.000
gru_s3,gru,big,900011,0.79037,1.000
gru_s3,gru,big,900012,0.78296,1.000
gru_s3,gru,big,900013,0.00000,0.000
gru_s3,gru,big,900014,0.70593,1.000
gru_s3,gru,big,900015,0.01074,0.000
gru_s3,gru,big,900016,0.48630,1.000
gru_s3,gru,big,900017,0.72074,1.000
gru_s3,gru,big,900018,0.66000,1.000
gru_s3,gru,big,900019,0.00926,1.000
gru_s3,gru,big,900020,0.84593,1.000
gru_s3,gru,big,900021,0.68593,1.000
gru_s3,gru,big,900022,0.00074,0.000
gru_s3,gru,big,900023,0.53407,1.000
gru_s3,gru,big,900024,0.00000,0.000
gru_s3,gru,big,900025,0.00000,0.000
gru_s3,gru,big,900026,0.52185,1.000
gru_s3,gru,big,900027,0.63407,1.000
gru_s3,gru,big,900028,0.15407,1.000
gru_s3,gru,big,900029,0.00000,0.000
gru_s3,gru,big,900030,0.74519,1.000
gru_s3,gru,big,900031,0.80778,1.000
gru_s3,gru,big,900032,0.64407,1.000
gru_s3,gru,big,900033,0.78889,1.000
gru_s3,gru,big,900034,0.68741,1.000
gru_s3,gru,big,900035,0.00000,0.000
gru_s3,gru,big,900036,0.74630,1.000
gru_s3,gru,big,900037,0.27259,1.000
gru_s3,gru,big,900038,0.66926,1.000
gru_s3,gru,big,900039,0.83704,1.000
gru_s3,gru,big,900040,0.58889,1.000
gru_s3,gru,big,900041,0.59074,1.000
gru_s3,gru,big,900042,0.00000,0.000
gru_s3,gru,big,900043,0.05815,0.000
gru_s3,gru,big,900044,0.72852,1.000
gru_s3,gru,big,900045,0.00000,0.000
gru_s3,gru,big,900046,0.78444,1.000
gru_s3,gru,big,900047,0.72037,1.000
gru_s3,gru,big,900048,0.53852,1.000
gru_s3,gru,big,900049,0.80444,1.000
easa_evo_s1,easa_evo,big,900000,0.62407,1.000
easa_evo_s1,easa_evo,big,900001,0.46889,1.000
easa_evo_s1,easa_evo,big,900002,0.00000,0.000
easa_evo_s1,easa_evo,big,900003,0.06222,0.000
easa_evo_s1,easa_evo,big,900004,0.70630,1.000
easa_evo_s1,easa_evo,big,900005,0.00000,0.000
easa_evo_s1,easa_evo,big,900006,0.07667,0.000
easa_evo_s1,easa_evo,big,900007,0.27185,1.000
easa_evo_s1,easa_evo,big,900008,0.67074,1.000
easa_evo_s1,easa_evo,big,900009,0.00000,0.000
easa_evo_s1,easa_evo,big,900010,0.00000,0.000
easa_evo_s1,easa_evo,big,900011,0.00000,0.000
easa_evo_s1,easa_evo,big,900012,0.35926,1.000
easa_evo_s1,easa_evo,big,900013,0.48444,1.000
easa_evo_s1,easa_evo,big,900014,0.54333,1.000
easa_evo_s1,easa_evo,big,900015,0.00000,0.000
easa_evo_s1,easa_evo,big,900016,0.66481,1.000
easa_evo_s1,easa_evo,big,900017,0.64333,1.000
easa_evo_s1,easa_evo,big,900018,0.49111,1.000
easa_evo_s1,easa_evo,big,900019,0.60630,1.000
easa_evo_s1,easa_evo,big,900020,0.42407,1.000
easa_evo_s1,easa_evo,big,900021,0.56593,1.000
easa_evo_s1,easa_evo,big,900022,0.00000,0.000
easa_evo_s1,easa_evo,big,900023,0.13444,1.000
easa_evo_s1,easa_evo,big,900024,0.00000,0.000
easa_evo_s1,easa_evo,big,900025,0.65407,1.000
easa_evo_s1,easa_evo,big,900026,0.51778,1.000
easa_evo_s1,easa_evo,big,900027,0.67556,1.000
easa_evo_s1,easa_evo,big,900028,0.45444,1.000
easa_evo_s1,easa_evo,big,900029,0.59185,1.000
easa_evo_s1,easa_evo,big,900030,0.44185,1.000
easa_evo_s1,easa_evo,big,900031,0.00000,0.000
easa_evo_s1,easa_evo,big,900032,0.00000,0.000
easa_evo_s1,easa_evo,big,900033,0.00000,0.000
easa_evo_s1,easa_evo,big,900034,0.50370,1.000
easa_evo_s1,easa_evo,big,900035,0.00000,0.000
easa_evo_s1,easa_evo,big,900036,0.05926,0.000
easa_evo_s1,easa_evo,big,900037,0.00000,0.000
easa_evo_s1,easa_evo,big,900038,0.50889,1.000
easa_evo_s1,easa_evo,big,900039,0.00000,0.000
easa_evo_s1,easa_evo,big,900040,0.34370,0.000
easa_evo_s1,easa_evo,big,900041,0.00000,0.000
easa_evo_s1,easa_evo,big,900042,0.00000,0.000
easa_evo_s1,easa_evo,big,900043,0.00000,0.000
easa_evo_s1,easa_evo,big,900044,0.52407,1.000
easa_evo_s1,easa_evo,big,900045,0.00000,0.000
easa_evo_s1,easa_evo,big,900046,0.00000,0.000
easa_evo_s1,easa_evo,big,900047,0.00000,0.000
easa_evo_s1,easa_evo,big,900048,0.01556,0.000
easa_evo_s1,easa_evo,big,900049,0.60519,1.000
easa_evo_s2,easa_evo,big,900000,0.42519,0.000
easa_evo_s2,easa_evo,big,900001,0.61741,1.000
easa_evo_s2,easa_evo,big,900002,0.72593,1.000
easa_evo_s2,easa_evo,big,900003,0.00000,0.000
easa_evo_s2,easa_evo,big,900004,0.87407,1.000
easa_evo_s2,easa_evo,big,900005,0.00000,0.000
easa_evo_s2,easa_evo,big,900006,0.09630,0.000
easa_evo_s2,easa_evo,big,900007,0.34741,0.000
easa_evo_s2,easa_evo,big,900008,0.00000,0.000
easa_evo_s2,easa_evo,big,900009,0.07630,0.000
easa_evo_s2,easa_evo,big,900010,0.38407,0.000
easa_evo_s2,easa_evo,big,900011,0.24481,0.000
easa_evo_s2,easa_evo,big,900012,0.31556,0.000
easa_evo_s2,easa_evo,big,900013,0.00000,0.000
easa_evo_s2,easa_evo,big,900014,0.14926,0.000
easa_evo_s2,easa_evo,big,900015,0.20963,0.000
easa_evo_s2,easa_evo,big,900016,0.45074,0.000
easa_evo_s2,easa_evo,big,900017,0.45889,0.000
easa_evo_s2,easa_evo,big,900018,0.30630,1.000
easa_evo_s2,easa_evo,big,900019,0.57852,1.000
easa_evo_s2,easa_evo,big,900020,0.00111,0.000
easa_evo_s2,easa_evo,big,900021,0.36519,0.000
easa_evo_s2,easa_evo,big,900022,0.00000,0.000
easa_evo_s2,easa_evo,big,900023,0.09593,1.000
easa_evo_s2,easa_evo,big,900024,0.16185,0.000
easa_evo_s2,easa_evo,big,900025,0.22222,0.000
easa_evo_s2,easa_evo,big,900026,0.40111,1.000
easa_evo_s2,easa_evo,big,900027,0.54407,1.000
easa_evo_s2,easa_evo,big,900028,0.05148,0.000
easa_evo_s2,easa_evo,big,900029,0.44667,0.000
easa_evo_s2,easa_evo,big,900030,0.17222,0.000
easa_evo_s2,easa_evo,big,900031,0.00000,0.000
easa_evo_s2,easa_evo,big,900032,0.09852,0.000
easa_evo_s2,easa_evo,big,900033,0.01815,0.000
easa_evo_s2,easa_evo,big,900034,0.13407,0.000
easa_evo_s2,easa_evo,big,900035,0.28000,0.000
easa_evo_s2,easa_evo,big,900036,0.17185,0.000
easa_evo_s2,easa_evo,big,900037,0.06778,0.000
easa_evo_s2,easa_evo,big,900038,0.14444,0.000
easa_evo_s2,easa_evo,big,900039,0.19667,0.000
easa_evo_s2,easa_evo,big,900040,0.34148,0.000
easa_evo_s2,easa_evo,big,900041,0.65963,1.000
easa_evo_s2,easa_evo,big,900042,0.02778,0.000
easa_evo_s2,easa_evo,big,900043,0.00000,0.000
easa_evo_s2,easa_evo,big,900044,0.40667,0.000
easa_evo_s2,easa_evo,big,900045,0.49037,1.000
easa_evo_s2,easa_evo,big,900046,0.43333,0.000
easa_evo_s2,easa_evo,big,900047,0.80556,1.000
easa_evo_s2,easa_evo,big,900048,0.21074,0.000
easa_evo_s2,easa_evo,big,900049,0.33963,0.000
easa_evo_s3,easa_evo,big,900000,0.42741,0.000
easa_evo_s3,easa_evo,big,900001,0.37037,0.000
easa_evo_s3,easa_evo,big,900002,0.34519,0.000
easa_evo_s3,easa_evo,big,900003,0.17741,0.000
easa_evo_s3,easa_evo,big,900004,0.47852,0.000
easa_evo_s3,easa_evo,big,900005,0.00000,0.000
easa_evo_s3,easa_evo,big,900006,0.00000,0.000
easa_evo_s3,easa_evo,big,900007,0.43222,0.000
easa_evo_s3,easa_evo,big,900008,0.13593,1.000
easa_evo_s3,easa_evo,big,900009,0.17963,0.000
easa_evo_s3,easa_evo,big,900010,0.00000,0.000
easa_evo_s3,easa_evo,big,900011,0.10111,1.000
easa_evo_s3,easa_evo,big,900012,0.30630,0.000
easa_evo_s3,easa_evo,big,900013,0.52370,1.000
easa_evo_s3,easa_evo,big,900014,0.60630,1.000
easa_evo_s3,easa_evo,big,900015,0.31444,0.000
easa_evo_s3,easa_evo,big,900016,0.56926,1.000
easa_evo_s3,easa_evo,big,900017,0.60259,1.000
easa_evo_s3,easa_evo,big,900018,0.10259,0.000
easa_evo_s3,easa_evo,big,900019,0.44778,0.000
easa_evo_s3,easa_evo,big,900020,0.22259,1.000
easa_evo_s3,easa_evo,big,900021,0.37111,0.000
easa_evo_s3,easa_evo,big,900022,0.25111,0.000
easa_evo_s3,easa_evo,big,900023,0.00000,0.000
easa_evo_s3,easa_evo,big,900024,0.00000,0.000
easa_evo_s3,easa_evo,big,900025,0.44222,1.000
easa_evo_s3,easa_evo,big,900026,0.07926,0.000
easa_evo_s3,easa_evo,big,900027,0.47778,0.000
easa_evo_s3,easa_evo,big,900028,0.43370,0.000
easa_evo_s3,easa_evo,big,900029,0.40593,0.000
easa_evo_s3,easa_evo,big,900030,0.30704,0.000
easa_evo_s3,easa_evo,big,900031,0.00000,0.000
easa_evo_s3,easa_evo,big,900032,0.17037,0.000
easa_evo_s3,easa_evo,big,900033,0.00000,0.000
easa_evo_s3,easa_evo,big,900034,0.00000,0.000
easa_evo_s3,easa_evo,big,900035,0.20667,0.000
easa_evo_s3,easa_evo,big,900036,0.02926,0.000
easa_evo_s3,easa_evo,big,900037,0.40741,0.000
easa_evo_s3,easa_evo,big,900038,0.08963,0.000
easa_evo_s3,easa_evo,big,900039,0.07370,0.000
easa_evo_s3,easa_evo,big,900040,0.33852,0.000
easa_evo_s3,easa_evo,big,900041,0.12333,0.000
easa_evo_s3,easa_evo,big,900042,0.13111,0.000
easa_evo_s3,easa_evo,big,900043,0.00000,0.000
easa_evo_s3,easa_evo,big,900044,0.54481,1.000
easa_evo_s3,easa_evo,big,900045,0.00000,0.000
easa_evo_s3,easa_evo,big,900046,0.30556,0.000
easa_evo_s3,easa_evo,big,900047,0.08333,0.000
easa_evo_s3,easa_evo,big,900048,0.00000,0.000
easa_evo_s3,easa_evo,big,900049,0.74148,1.000
easa_s1,easa,big,900000,0.63593,1.000
easa_s1,easa,big,900001,0.00296,0.000
easa_s1,easa,big,900002,0.69593,1.000
easa_s1,easa,big,900003,0.00000,0.000
easa_s1,easa,big,900004,0.79741,1.000
easa_s1,easa,big,900005,0.00000,0.000
easa_s1,easa,big,900006,0.00000,0.000
easa_s1,easa,big,900007,0.00000,0.000
easa_s1,easa,big,900008,0.20037,0.000
easa_s1,easa,big,900009,0.28556,0.000
easa_s1,easa,big,900010,0.39444,0.000
easa_s1,easa,big,900011,0.20630,0.000
easa_s1,easa,big,900012,0.31926,0.000
easa_s1,easa,big,900013,0.16296,0.000
easa_s1,easa,big,900014,0.12852,1.000
easa_s1,easa,big,900015,0.00000,0.000
easa_s1,easa,big,900016,0.47519,0.000
easa_s1,easa,big,900017,0.13444,0.000
easa_s1,easa,big,900018,0.46000,0.000
easa_s1,easa,big,900019,0.48148,0.000
easa_s1,easa,big,900020,0.00000,0.000
easa_s1,easa,big,900021,0.00000,0.000
easa_s1,easa,big,900022,0.00000,0.000
easa_s1,easa,big,900023,0.68370,1.000
easa_s1,easa,big,900024,0.42481,0.000
easa_s1,easa,big,900025,0.00000,0.000
easa_s1,easa,big,900026,0.03074,0.000
easa_s1,easa,big,900027,0.21778,0.000
easa_s1,easa,big,900028,0.00000,0.000
easa_s1,easa,big,900029,0.00000,0.000
easa_s1,easa,big,900030,0.34037,0.000
easa_s1,easa,big,900031,0.00000,0.000
easa_s1,easa,big,900032,0.04370,0.000
easa_s1,easa,big,900033,0.00000,0.000
easa_s1,easa,big,900034,0.41926,1.000
easa_s1,easa,big,900035,0.15370,0.000
easa_s1,easa,big,900036,0.00000,0.000
easa_s1,easa,big,900037,0.00000,0.000
easa_s1,easa,big,900038,0.00000,0.000
easa_s1,easa,big,900039,0.00000,0.000
easa_s1,easa,big,900040,0.64296,1.000
easa_s1,easa,big,900041,0.00000,0.000
easa_s1,easa,big,900042,0.42778,0.000
easa_s1,easa,big,900043,0.00000,0.000
easa_s1,easa,big,900044,0.00000,0.000
easa_s1,easa,big,900045,0.00000,0.000
easa_s1,easa,big,900046,0.49667,1.000
easa_s1,easa,big,900047,0.00000,0.000
easa_s1,easa,big,900048,0.19481,0.000
easa_s1,easa,big,900049,0.00000,0.000
easa_safe_s1,easa_safe,big,900000,0.00630,0.000
easa_safe_s1,easa_safe,big,900001,0.12926,0.000
easa_safe_s1,easa_safe,big,900002,0.76111,1.000
easa_safe_s1,easa_safe,big,900003,0.41148,1.000
easa_safe_s1,easa_safe,big,900004,0.59815,1.000
easa_safe_s1,easa_safe,big,900005,0.00000,0.000
easa_safe_s1,easa_safe,big,900006,0.10000,0.000
easa_safe_s1,easa_safe,big,900007,0.21519,0.000
easa_safe_s1,easa_safe,big,900008,0.31111,1.000
easa_safe_s1,easa_safe,big,900009,0.27000,0.000
easa_safe_s1,easa_safe,big,900010,0.43185,1.000
easa_safe_s1,easa_safe,big,900011,0.00000,0.000
easa_safe_s1,easa_safe,big,900012,0.00000,0.000
easa_safe_s1,easa_safe,big,900013,0.00000,0.000
easa_safe_s1,easa_safe,big,900014,0.17852,0.000
easa_safe_s1,easa_safe,big,900015,0.37185,0.000
easa_safe_s1,easa_safe,big,900016,0.18259,0.000
easa_safe_s1,easa_safe,big,900017,0.00000,0.000
easa_safe_s1,easa_safe,big,900018,0.10741,0.000
easa_safe_s1,easa_safe,big,900019,0.00000,0.000
easa_safe_s1,easa_safe,big,900020,0.36630,0.000
easa_safe_s1,easa_safe,big,900021,0.28926,0.000
easa_safe_s1,easa_safe,big,900022,0.24963,0.000
easa_safe_s1,easa_safe,big,900023,0.00000,0.000
easa_safe_s1,easa_safe,big,900024,0.00074,0.000
easa_safe_s1,easa_safe,big,900025,0.59481,1.000
easa_safe_s1,easa_safe,big,900026,0.50815,1.000
easa_safe_s1,easa_safe,big,900027,0.29000,0.000
easa_safe_s1,easa_safe,big,900028,0.27037,0.000
easa_safe_s1,easa_safe,big,900029,0.00000,0.000
easa_safe_s1,easa_safe,big,900030,0.00000,0.000
easa_safe_s1,easa_safe,big,900031,0.00000,0.000
easa_safe_s1,easa_safe,big,900032,0.41111,0.000
easa_safe_s1,easa_safe,big,900033,0.00000,0.000
easa_safe_s1,easa_safe,big,900034,0.00000,0.000
easa_safe_s1,easa_safe,big,900035,0.00000,0.000
easa_safe_s1,easa_safe,big,900036,0.00000,0.000
easa_safe_s1,easa_safe,big,900037,0.34037,0.000
easa_safe_s1,easa_safe,big,900038,0.33333,0.000
easa_safe_s1,easa_safe,big,900039,0.36111,0.000
easa_safe_s1,easa_safe,big,900040,0.24630,0.000
easa_safe_s1,easa_safe,big,900041,0.45000,0.000
easa_safe_s1,easa_safe,big,900042,0.00000,0.000
easa_safe_s1,easa_safe,big,900043,0.00000,0.000
easa_safe_s1,easa_safe,big,900044,0.00000,0.000
easa_safe_s1,easa_safe,big,900045,0.11259,0.000
easa_safe_s1,easa_safe,big,900046,0.00000,0.000
easa_safe_s1,easa_safe,big,900047,0.00000,0.000
easa_safe_s1,easa_safe,big,900048,0.00000,0.000
easa_safe_s1,easa_safe,big,900049,0.42185,0.000
gru_compass_s1,gru_compass,big,900000,0.93926,1.000
gru_compass_s1,gru_compass,big,900001,0.93407,1.000
gru_compass_s1,gru_compass,big,900002,0.95000,1.000
gru_compass_s1,gru_compass,big,900003,0.92667,1.000
gru_compass_s1,gru_compass,big,900004,0.94037,1.000
gru_compass_s1,gru_compass,big,900005,0.91667,1.000
gru_compass_s1,gru_compass,big,900006,0.89778,1.000
gru_compass_s1,gru_compass,big,900007,0.94185,1.000
gru_compass_s1,gru_compass,big,900008,0.92889,1.000
gru_compass_s1,gru_compass,big,900009,0.90889,1.000
gru_compass_s1,gru_compass,big,900010,0.94407,1.000
gru_compass_s1,gru_compass,big,900011,0.91074,1.000
gru_compass_s1,gru_compass,big,900012,0.92296,1.000
gru_compass_s1,gru_compass,big,900013,0.90222,1.000
gru_compass_s1,gru_compass,big,900014,0.92148,1.000
gru_compass_s1,gru_compass,big,900015,0.92370,1.000
gru_compass_s1,gru_compass,big,900016,0.94630,1.000
gru_compass_s1,gru_compass,big,900017,0.93852,1.000
gru_compass_s1,gru_compass,big,900018,0.91259,1.000
gru_compass_s1,gru_compass,big,900019,0.96222,1.000
gru_compass_s1,gru_compass,big,900020,0.92185,1.000
gru_compass_s1,gru_compass,big,900021,0.91481,1.000
gru_compass_s1,gru_compass,big,900022,0.90407,1.000
gru_compass_s1,gru_compass,big,900023,0.93444,1.000
gru_compass_s1,gru_compass,big,900024,0.91407,1.000
gru_compass_s1,gru_compass,big,900025,0.93593,1.000
gru_compass_s1,gru_compass,big,900026,0.94704,1.000
gru_compass_s1,gru_compass,big,900027,0.95407,1.000
gru_compass_s1,gru_compass,big,900028,0.96185,1.000
gru_compass_s1,gru_compass,big,900029,0.95852,1.000
gru_compass_s1,gru_compass,big,900030,0.93000,1.000
gru_compass_s1,gru_compass,big,900031,0.91444,1.000
gru_compass_s1,gru_compass,big,900032,0.95296,1.000
gru_compass_s1,gru_compass,big,900033,0.94444,1.000
gru_compass_s1,gru_compass,big,900034,0.91630,1.000
gru_compass_s1,gru_compass,big,900035,0.90593,1.000
gru_compass_s1,gru_compass,big,900036,0.94889,1.000
gru_compass_s1,gru_compass,big,900037,0.95185,1.000
gru_compass_s1,gru_compass,big,900038,0.92074,1.000
gru_compass_s1,gru_compass,big,900039,0.89630,1.000
gru_compass_s1,gru_compass,big,900040,0.95519,1.000
gru_compass_s1,gru_compass,big,900041,0.94593,1.000
gru_compass_s1,gru_compass,big,900042,0.88704,1.000
gru_compass_s1,gru_compass,big,900043,0.90333,1.000
gru_compass_s1,gru_compass,big,900044,0.92593,1.000
gru_compass_s1,gru_compass,big,900045,0.92889,1.000
gru_compass_s1,gru_compass,big,900046,0.90556,1.000
gru_compass_s1,gru_compass,big,900047,0.93296,1.000
gru_compass_s1,gru_compass,big,900048,0.95185,1.000
gru_compass_s1,gru_compass,big,900049,0.95852,1.000
