gen,best,mean,median,worst,best_both_rate,best_emit_frac,best_gru_takeover,mean_both_rate,seconds
0,0.06099,0.00477,0.00000,0.00000,0.000,0.0000,nan,0.017,218.5
1,0.22241,0.01053,0.00000,0.00000,0.000,0.0031,nan,0.035,209.2
2,0.06827,0.00735,0.00000,0.00000,0.000,0.0167,nan,0.010,218.0
3,0.17691,0.01481,0.00000,0.00000,0.500,0.0323,nan,0.021,231.3
4,0.17438,0.01734,0.00025,0.00000,0.500,0.0000,nan,0.035,226.6
5,0.15525,0.02318,0.00198,0.00000,0.167,0.4664,nan,0.042,236.1
6,0.17062,0.01792,0.00225,0.00000,0.333,0.0453,nan,0.045,219.9
7,0.10698,0.01048,0.00000,0.00000,0.167,0.4835,nan,0.038,220.7
8,0.21481,0.02795,0.00435,0.00000,0.000,0.0000,nan,0.052,228.2
9,0.10253,0.01683,0.00102,0.00000,0.000,0.0292,nan,0.017,207.2
10,0.21265,0.02153,0.00062,0.00000,0.833,0.0017,nan,0.031,212.4
11,0.18728,0.02162,0.00000,0.00000,0.333,0.0002,nan,0.031,213.1
12,0.15327,0.02331,0.00028,0.00000,0.000,0.6057,nan,0.017,205.5
13,0.16580,0.02329,0.00380,0.00000,0.333,0.0001,nan,0.031,206.3
14,0.14593,0.02260,0.00219,0.00000,0.000,0.0730,nan,0.007,215.4
15,0.15395,0.01170,0.00000,0.00000,0.167,0.0631,nan,0.007,201.0
16,0.16883,0.04456,0.02423,0.00000,0.333,0.0000,nan,0.056,216.9
17,0.37562,0.04520,0.00130,0.00000,0.500,0.0554,nan,0.038,209.8
18,0.33741,0.05526,0.00173,0.00000,0.333,0.3641,nan,0.066,203.0
19,0.27451,0.06497,0.04914,0.00000,0.833,0.0589,nan,0.073,203.2
20,0.45815,0.07702,0.05127,0.00000,0.167,0.6747,nan,0.097,203.7
21,0.24833,0.07132,0.04753,0.00000,0.333,0.4027,nan,0.094,205.6
22,0.24031,0.06352,0.01370,0.00000,0.500,0.0130,nan,0.062,207.3
23,0.25463,0.05054,0.02170,0.00000,0.000,0.3959,nan,0.066,205.9
24,0.35654,0.07041,0.06111,0.00000,0.667,0.0212,nan,0.087,201.6
25,0.32654,0.10510,0.08392,0.00000,0.333,0.0001,nan,0.087,198.8
26,0.35062,0.07500,0.05352,0.00000,0.167,0.1001,nan,0.042,197.5
27,0.35469,0.08388,0.06694,0.00000,0.333,0.2946,nan,0.052,206.4
28,0.38920,0.12735,0.11515,0.00000,0.500,0.2148,nan,0.118,193.8
29,0.28988,0.08377,0.06815,0.00000,0.000,0.6056,nan,0.062,200.2
30,0.37660,0.12775,0.11080,0.00000,0.500,0.0387,nan,0.115,194.2
31,0.34809,0.12038,0.08951,0.00000,0.167,0.0689,nan,0.111,194.0
32,0.31716,0.11305,0.07525,0.00000,0.167,0.0000,nan,0.087,199.5
33,0.35667,0.12095,0.10512,0.00000,0.667,0.3157,nan,0.101,191.5
34,0.48284,0.16323,0.15802,0.00000,0.667,0.2288,nan,0.153,190.4
35,0.43426,0.16740,0.16225,0.00000,0.167,0.0091,nan,0.156,194.4
36,0.40858,0.12483,0.10269,0.00000,0.667,0.0000,nan,0.128,190.7
37,0.55167,0.21437,0.20654,0.00000,0.500,0.0000,nan,0.191,188.2
38,0.56117,0.22816,0.20185,0.00000,0.500,0.0001,nan,0.188,213.4
39,0.48259,0.19099,0.17222,0.00000,0.500,0.0001,nan,0.194,194.0
40,0.54296,0.22898,0.22062,0.00000,0.667,0.0001,nan,0.229,199.7
41,0.49728,0.22372,0.22441,0.00000,0.333,0.0004,nan,0.177,192.4
42,0.48012,0.19015,0.21238,0.00000,0.667,0.0038,nan,0.167,192.9
43,0.53988,0.21618,0.22657,0.00000,0.667,0.0475,nan,0.271,197.0
44,0.53432,0.20790,0.20904,0.00000,0.667,0.0257,nan,0.205,193.5
45,0.43969,0.19449,0.20988,0.00000,0.500,0.0001,nan,0.229,191.7
46,0.53284,0.24941,0.23719,0.03025,0.833,0.0004,nan,0.267,192.2
47,0.51599,0.27372,0.29852,0.00000,0.667,0.0024,nan,0.316,203.5
48,0.45722,0.23301,0.24423,0.00469,0.500,0.0000,nan,0.288,196.7
49,0.54673,0.28354,0.27441,0.00000,0.667,0.0003,nan,0.312,191.5
50,0.57963,0.28034,0.30133,0.03290,0.667,0.0369,nan,0.295,194.1
51,0.45698,0.20620,0.19213,0.00000,0.667,0.0004,nan,0.243,204.2
52,0.55000,0.25206,0.25469,0.00000,0.500,0.0001,nan,0.271,191.9
53,0.55414,0.28304,0.28679,0.00000,0.667,0.0019,nan,0.344,201.2
54,0.55753,0.34388,0.35025,0.06414,0.500,0.0029,nan,0.351,197.0
55,0.53025,0.25587,0.27142,0.02185,0.667,0.0000,nan,0.288,190.8
56,0.50389,0.23443,0.22843,0.00000,0.667,0.0000,nan,0.229,197.1
57,0.50235,0.24174,0.23889,0.00000,0.500,0.0001,nan,0.229,209.3
58,0.45346,0.23763,0.23049,0.01265,0.667,0.0000,nan,0.233,189.7
59,0.57753,0.30374,0.33228,0.00000,0.833,0.0014,nan,0.309,192.4
60,0.41772,0.26092,0.27432,0.00000,0.333,0.0000,nan,0.219,194.8
61,0.63846,0.30030,0.31611,0.01889,0.833,0.0000,nan,0.323,189.5
62,0.69204,0.27110,0.23670,0.00000,1.000,0.0000,nan,0.267,194.5
63,0.61247,0.31498,0.29904,0.01191,0.667,0.0035,nan,0.292,186.3
64,0.66494,0.27429,0.28429,0.00000,0.833,0.0143,nan,0.260,197.5
65,0.68383,0.36419,0.38182,0.00000,0.833,0.0001,nan,0.385,190.5
66,0.54858,0.34931,0.36762,0.12259,1.000,0.0002,nan,0.337,185.9
67,0.58698,0.36806,0.36935,0.07562,0.667,0.0000,nan,0.326,184.0
68,0.49815,0.27973,0.28549,0.04772,0.500,0.0000,nan,0.271,183.8
69,0.42636,0.23840,0.23290,0.07907,0.667,0.0000,nan,0.309,190.6
70,0.50000,0.32270,0.33630,0.10636,0.667,0.0000,nan,0.368,188.8
71,0.53802,0.29667,0.30123,0.00000,0.833,0.0008,nan,0.267,183.1
72,0.50056,0.31674,0.32296,0.00253,0.500,0.0000,nan,0.285,190.0
73,0.55346,0.28822,0.29556,0.00000,0.667,0.0000,nan,0.312,185.1
74,0.58944,0.36726,0.38123,0.08111,0.833,0.0000,nan,0.396,187.6
75,0.44796,0.26952,0.29528,0.07870,0.833,0.0000,nan,0.299,187.3
76,0.61093,0.29950,0.31352,0.00000,0.833,0.0001,nan,0.347,188.3
77,0.63241,0.35368,0.32935,0.13877,0.667,0.0000,nan,0.351,187.3
78,0.58179,0.28412,0.27284,0.02198,0.833,0.0000,nan,0.309,187.7
79,0.52543,0.29397,0.31133,0.09012,0.667,0.0000,nan,0.292,190.8
80,0.53056,0.31448,0.32077,0.03951,0.500,0.0000,nan,0.337,185.6
81,0.56105,0.35435,0.35809,0.10056,0.667,0.0000,nan,0.323,186.7
82,0.51389,0.30246,0.31667,0.00821,0.667,0.0000,nan,0.347,186.5
83,0.48327,0.28421,0.28701,0.08580,0.667,0.0001,nan,0.285,184.1
84,0.60377,0.36868,0.35077,0.18253,1.000,0.0020,nan,0.368,189.6
85,0.61068,0.39123,0.39941,0.08667,0.833,0.0000,nan,0.413,184.4
86,0.54031,0.30494,0.30272,0.00000,0.500,0.0000,nan,0.250,190.5
87,0.63568,0.33293,0.33762,0.07506,0.833,0.0001,nan,0.344,190.5
88,0.47086,0.28615,0.30491,0.09938,0.500,0.0002,nan,0.288,188.0
89,0.43173,0.23670,0.22565,0.06383,0.500,0.0010,nan,0.243,191.0
90,0.49222,0.30034,0.31463,0.00000,0.500,0.0036,nan,0.302,189.4
91,0.57235,0.30994,0.30420,0.06648,0.667,0.0000,nan,0.312,183.5
92,0.69154,0.45827,0.47065,0.13728,0.667,0.0000,nan,0.469,183.8
93,0.49475,0.29313,0.29654,0.00000,0.667,0.0001,nan,0.278,184.0
94,0.57611,0.37324,0.37123,0.12321,0.667,0.0000,nan,0.378,184.7
95,0.38809,0.21214,0.20679,0.04802,0.500,0.0001,nan,0.208,187.1
96,0.61858,0.30763,0.30475,0.00000,0.833,0.0059,nan,0.312,195.9
97,0.53667,0.34836,0.34873,0.13173,0.833,0.0000,nan,0.444,187.4
98,0.53333,0.24386,0.24367,0.00000,0.667,0.0004,nan,0.233,193.2
99,0.59383,0.33747,0.35194,0.06704,0.667,0.0001,nan,0.382,194.7
100,0.61259,0.36325,0.36333,0.13500,0.833,0.0000,nan,0.434,194.4
101,0.55759,0.30663,0.30648,0.00000,0.667,0.0000,nan,0.299,193.0
102,0.59802,0.34793,0.34327,0.14957,0.833,0.0035,nan,0.361,188.7
103,0.40759,0.23714,0.23352,0.07926,0.500,0.0000,nan,0.250,192.2
104,0.46562,0.22825,0.21515,0.00000,0.500,0.0006,nan,0.253,189.4
105,0.58216,0.36683,0.36522,0.16210,0.833,0.0044,nan,0.396,188.9
106,0.48278,0.24850,0.24985,0.00000,0.667,0.0009,nan,0.271,187.8
107,0.65660,0.31022,0.30364,0.06154,0.833,0.0000,nan,0.372,187.4
108,0.53901,0.33887,0.36438,0.04926,0.833,0.0324,nan,0.344,190.0
109,0.54549,0.29448,0.29179,0.00000,0.667,0.0000,nan,0.281,192.9
110,0.57568,0.32091,0.33185,0.00000,0.500,0.0000,nan,0.358,190.6
111,0.57778,0.39175,0.40259,0.12265,1.000,0.0000,nan,0.420,190.7
112,0.48272,0.27994,0.28395,0.05883,0.500,0.0344,nan,0.260,181.9
113,0.56284,0.31926,0.32941,0.00000,0.833,0.0777,nan,0.368,183.4
114,0.51889,0.35175,0.36907,0.00000,0.667,0.0000,nan,0.385,180.0
115,0.58741,0.33038,0.31182,0.16302,0.833,0.0000,nan,0.312,183.1
116,0.68074,0.32656,0.30654,0.05512,1.000,0.0001,nan,0.396,182.5
117,0.61068,0.35319,0.35429,0.00000,0.667,0.0000,nan,0.351,180.2
118,0.62728,0.34825,0.35981,0.06111,0.667,0.0014,nan,0.347,179.1
119,0.63593,0.36315,0.39046,0.05259,1.000,0.0000,nan,0.316,182.7
120,0.65500,0.29452,0.30117,0.00000,0.833,0.0000,nan,0.292,182.8
121,0.58352,0.33726,0.33978,0.06920,0.667,0.0000,nan,0.333,180.2
122,0.54815,0.30051,0.31886,0.13506,0.500,0.0000,nan,0.306,178.7
123,0.48086,0.26544,0.26253,0.00000,0.500,0.0087,nan,0.278,207.4
124,0.51352,0.33926,0.33886,0.06790,0.500,0.0000,nan,0.330,181.3
125,0.52364,0.32846,0.30981,0.17210,0.500,0.0000,nan,0.295,183.1
126,0.50284,0.25927,0.26083,0.00000,0.833,0.0001,nan,0.243,183.6
127,0.64580,0.37799,0.37580,0.00000,1.000,0.0000,nan,0.382,182.6
128,0.62173,0.27722,0.26753,0.05772,1.000,0.0000,nan,0.267,183.7
129,0.58815,0.34690,0.33889,0.06525,0.667,0.0001,nan,0.365,182.2
130,0.54858,0.36176,0.37444,0.11290,0.500,0.0000,nan,0.378,181.5
131,0.56352,0.27449,0.27420,0.00000,0.500,0.0000,nan,0.233,182.0
132,0.57383,0.32460,0.36247,0.04062,0.667,0.0006,nan,0.274,181.9
133,0.58642,0.29023,0.30145,0.06827,0.667,0.0000,nan,0.285,180.2
134,0.57543,0.32995,0.34093,0.00136,0.833,0.0000,nan,0.309,179.6
135,0.43901,0.25174,0.25429,0.00000,0.500,0.0000,nan,0.260,183.1
136,0.55512,0.33966,0.34716,0.06099,0.667,0.0000,nan,0.340,181.9
137,0.59593,0.39426,0.39617,0.09722,0.833,0.0000,nan,0.448,181.8
138,0.67759,0.38369,0.36593,0.07117,0.833,0.0000,nan,0.406,183.9
139,0.59827,0.41033,0.44938,0.15685,0.667,0.0000,nan,0.431,181.0
140,0.56315,0.38387,0.37284,0.19617,0.500,0.0000,nan,0.375,181.2
141,0.56463,0.36542,0.37898,0.09864,0.833,0.0001,nan,0.396,181.2
142,0.60235,0.37778,0.40812,0.00000,0.833,0.0000,nan,0.472,179.6
143,0.63877,0.41929,0.43738,0.08241,0.833,0.0005,nan,0.521,178.5
144,0.65642,0.44516,0.45590,0.15784,1.000,0.0000,nan,0.538,179.0
145,0.53809,0.35236,0.36052,0.04340,0.500,0.0008,nan,0.337,179.2
146,0.55988,0.36472,0.36299,0.06994,1.000,0.0000,nan,0.431,178.1
147,0.56235,0.39533,0.40623,0.12704,0.667,0.0000,nan,0.438,178.3
148,0.59988,0.37120,0.37352,0.12685,0.667,0.0000,nan,0.410,179.7
149,0.60685,0.40887,0.40358,0.15568,0.667,0.0000,nan,0.392,177.0
